

insert into Login (Login_ID, Login_username, password, Login_Type) values (1, 'astokes0', '55uZC8idwv', 'Delivery Person');
insert into Login (Login_ID, Login_username, password, Login_Type) values (2, 'mickowicz1', 'GAZiaWL3LoE', 'Customer');
insert into Login (Login_ID, Login_username, password, Login_Type) values (3, 'wbosher2', 'pCly4Q', 'Retailer');
insert into Login (Login_ID, Login_username, password, Login_Type) values (4, 'cpedron3', 'z0S21IeA5t', 'Delivery Person');
insert into Login (Login_ID, Login_username, password, Login_Type) values (5, 'jbirkett4', 'yI1jGqj', 'Customer');
insert into Login (Login_ID, Login_username, password, Login_Type) values (6, 'psaltmarshe5', 'zE4HcoCL', 'Retailer');
insert into Login (Login_ID, Login_username, password, Login_Type) values (7, 'gbloxsom6', 'IPALAUk', 'Customer');
insert into Login (Login_ID, Login_username, password, Login_Type) values (8, 'erispin7', '5pMLKkTlQAf', 'Retailer');
insert into Login (Login_ID, Login_username, password, Login_Type) values (9, 'ffutcher8', 'dCsotxru6jPY', 'Customer');
insert into Login (Login_ID, Login_username, password, Login_Type) values (10, 'freinbeck9', 'd14gbvdvwBG', 'Retailer');
insert into Login (Login_ID, Login_username, password, Login_Type) values (11, 'bsutcliffb', 'z9GOeHBlBm', 'Retailer') ;
insert into Login (Login_ID, Login_username, password, Login_Type) values (12, 'ypengilleya', 'rF1STai2f5', 'Customer');
insert into Login (Login_ID, Login_username, password, Login_Type) values (13, 'tradsdalec', 'LYDkfyee', 'Customer');
insert into Login (Login_ID, Login_username, password, Login_Type) values (14, 'lbendond', '8dzMw2c', 'Retailer');
insert into Login (Login_ID, Login_username, password, Login_Type) values (15, 'drizzonee', 'QKvVNAenh9', 'Delivery Person');
insert into Login (Login_ID, Login_username, password, Login_Type) values (16, 'pchewf', '8jnH6Zhne', 'Retailer');
insert into Login (Login_ID, Login_username, password, Login_Type) values (17, 'agrimsteadg', 'pLDiFISjBQH', 'Retailer');
insert into Login (Login_ID, Login_username, password, Login_Type) values (18, 'lgemnetth', 'CDvdBJ9FK86', 'Delivery Person');
insert into Login (Login_ID, Login_username, password, Login_Type) values (19, 'fdefreynei', '6NgllcB', 'Customer');
insert into Login (Login_ID, Login_username, password, Login_Type) values (20, 'aoakj', '2KvW9HV3iBs', 'Customer');
insert into Login (Login_ID, Login_username, password, Login_Type) values (21, 'abickerdykek', 'VbEtIAD5', 'Customer');
insert into Login (Login_ID, Login_username, password, Login_Type) values (22, 'ceilhersenl', '9uej2Lyd9', 'Retailer');
insert into Login (Login_ID, Login_username, password, Login_Type) values (23, 'tragsdallm', 'jWRmqyf1r', 'Customer');
insert into Login (Login_ID, Login_username, password, Login_Type) values (24, 'abrunsenn', '9lUIkEYvLeWJ', 'Retailer');
insert into Login (Login_ID, Login_username, password, Login_Type) values (25, 'ldownero', 'l1uzYE8r', 'Customer');
insert into Login (Login_ID, Login_username, password, Login_Type) values (26, 'pbilberyp', 'H8og1H2Z3Q', 'Retailer');
insert into Login (Login_ID, Login_username, password, Login_Type) values (27, 'dwillmoreq', 'A3z4v42szec', 'Retailer');
insert into Login (Login_ID, Login_username, password, Login_Type) values (28, 'tmarcroftr', 'K8HpSElS', 'Retailer');
insert into Login (Login_ID, Login_username, password, Login_Type) values (29, 'esires', 'XXAczsezCo9Q', 'Retailer');
insert into Login (Login_ID, Login_username, password, Login_Type) values (30, 'sissacsont', 'JUxjISLVd6Vt', 'Customer');
insert into Login (Login_ID, Login_username, password, Login_Type) values (31, 'hkewu', 'CkwPEat3g9', 'Customer');
insert into Login (Login_ID, Login_username, password, Login_Type) values (32, 'hbrazearv', 'CEOlS7hR', 'Retailer');
insert into Login (Login_ID, Login_username, password, Login_Type) values (33, 'bpashbeew', '9SfM3VuGre', 'Customer');
insert into Login (Login_ID, Login_username, password, Login_Type) values (34, 'mstogillx', 'geQ1Rr4kQM5', 'Customer');
insert into Login (Login_ID, Login_username, password, Login_Type) values (35, 'kchimientiy', 'UULyHBNT9d', 'Customer');
insert into Login (Login_ID, Login_username, password, Login_Type) values (36, 'vmcandrewz', 'kfPp3I', 'Customer');
insert into Login (Login_ID, Login_username, password, Login_Type) values (37, 'lmaven10', 'EceS3isz61J', 'Retailer');
insert into Login (Login_ID, Login_username, password, Login_Type) values (38, 'akisar11', 'RkARyk7QY6', 'Retailer');
insert into Login (Login_ID, Login_username, password, Login_Type) values (39, 'sbloomfield12', 'zWP2UdNDF', 'Retailer');
insert into Login (Login_ID, Login_username, password, Login_Type) values (40, 'taulsford13', 'lMYYZGx', 'Customer');
insert into Login (Login_ID, Login_username, password, Login_Type) values (41, 'linns14', 'ZxzspwpV5sS', 'Retailer');
insert into Login (Login_ID, Login_username, password, Login_Type) values (42, 'scampa15', 'S8jM3n5l', 'Customer');
insert into Login (Login_ID, Login_username, password, Login_Type) values (43, 'smacvain16', '8o2hqtvs', 'Delivery Person');
insert into Login (Login_ID, Login_username, password, Login_Type) values (44, 'ecroucher17', 'WmtmsR4t', 'Retailer');
insert into Login (Login_ID, Login_username, password, Login_Type) values (45, 'vdelazenne18', 'mJ5FLgPPqxU', 'Delivery Person');
insert into Login (Login_ID, Login_username, password, Login_Type) values (46, 'lstubbe19', 'FIr6fb', 'Retailer');
insert into Login (Login_ID, Login_username, password, Login_Type) values (47, 'sgerritsma1a', 'ZWboweqI', 'Customer');
insert into Login (Login_ID, Login_username, password, Login_Type) values (48, 'rbickell1b', 'zcyZWgX', 'Retailer');
insert into Login (Login_ID, Login_username, password, Login_Type) values (49, 'aharesnape1c', 'uVLAK8BNS19', 'Customer');
insert into Login (Login_ID, Login_username, password, Login_Type) values (50, 'nolney1d', 'eKEmzSXmkZ', 'Retailer');
insert into Login (Login_ID, Login_username, password, Login_Type) values (51, 'mdyers1e', 'ropP4XM', 'Delivery Person');
insert into Login (Login_ID, Login_username, password, Login_Type) values (52, 'gpigny1f', 'ipvfiI', 'Customer');
insert into Login (Login_ID, Login_username, password, Login_Type) values (53, 'emccathay1g', 'ldDm9m', 'Delivery Person');
insert into Login (Login_ID, Login_username, password, Login_Type) values (54, 'aeberlein1h', 'BX1o4le', 'Customer');
insert into Login (Login_ID, Login_username, password, Login_Type) values (55, 'shackforth1i', 'wDXS4rf', 'Retailer');
insert into Login (Login_ID, Login_username, password, Login_Type) values (56, 'kchaplyn1j', '3HlUnCmR2AwJ', 'Retailer');
insert into Login (Login_ID, Login_username, password, Login_Type) values (57, 'kjoan1k', 'zQ2sUAGz7F2', 'Customer');
insert into Login (Login_ID, Login_username, password, Login_Type) values (58, 'cdray1l', 'NXY4beH', 'Retailer');
insert into Login (Login_ID, Login_username, password, Login_Type) values (59, 'ojackman1m', 'd163BZGJJRst', 'Customer');
insert into Login (Login_ID, Login_username, password, Login_Type) values (60, 'mquirke1n', '2ni6iZOeJw', 'Delivery Person');
insert into Login (Login_ID, Login_username, password, Login_Type) values (61, 'gmathevet1o', 'Ywc1psWJx', 'Customer');
insert into Login (Login_ID, Login_username, password, Login_Type) values (62, 'dcomrie1p', 'TZ0feRI', 'Customer');
insert into Login (Login_ID, Login_username, password, Login_Type) values (63, 'dvittery1q', '7QQFoy7P', 'Delivery Person');
insert into Login (Login_ID, Login_username, password, Login_Type) values (64, 'tbiagioni1r', 'itxPbYTP', 'Delivery Person');
insert into Login (Login_ID, Login_username, password, Login_Type) values (65, 'ggavriel1s', 'k94Na3QiBOf', 'Delivery Person');
insert into Login (Login_ID, Login_username, password, Login_Type) values (66, 'bbiner1t', 'XJzzHc', 'Retailer');
insert into Login (Login_ID, Login_username, password, Login_Type) values (67, 'rbabonau1u', 'oExpBnPJ2z1g', 'Retailer');
insert into Login (Login_ID, Login_username, password, Login_Type) values (68, 'rborkett1v', 'oIaUfe41vFw', 'Customer');
insert into Login (Login_ID, Login_username, password, Login_Type) values (69, 'kpinnocke1w', 'gyyeJZ', 'Retailer');
insert into Login (Login_ID, Login_username, password, Login_Type) values (70, 'lhedin1x', 'AzWpEzek', 'Retailer');
insert into Login (Login_ID, Login_username, password, Login_Type) values (71, 'wpuvia1z', 'uVTu2kdX7uG', 'Delivery Person');
insert into Login (Login_ID, Login_username, password, Login_Type) values (72, 'ahirthe1y', 'YPqfUvXkCF', 'Delivery Person');
insert into Login (Login_ID, Login_username, password, Login_Type) values (73, 'aneno20', 'LGX0VgkLP', 'Retailer');
insert into Login (Login_ID, Login_username, password, Login_Type) values (74, 'tpridgeon21', '82QWNjJb3E1H', 'Delivery Person');
insert into Login (Login_ID, Login_username, password, Login_Type) values (75, 'ncammell22', '9fN3GPG8eM', 'Retailer');
insert into Login (Login_ID, Login_username, password, Login_Type) values (76, 'smoretto23', 'PBF81nKQ1', 'Delivery Person');
insert into Login (Login_ID, Login_username, password, Login_Type) values (77, 'mroundtree24', 'CykpjKMS0H', 'Delivery Person');
insert into Login (Login_ID, Login_username, password, Login_Type) values (78, 'cduddle25', 'nokEKIGDXoF', 'Customer');
insert into Login (Login_ID, Login_username, password, Login_Type) values (79, 'dvanzon26', '8DFXhjtp', 'Retailer');
insert into Login (Login_ID, Login_username, password, Login_Type) values (80, 'gboater27', 'xrw1udOvrp', 'Delivery Person');
insert into Login (Login_ID, Login_username, password, Login_Type) values (81, 'mglauber29', 'WOJK2HIjY', 'Customer');
insert into Login (Login_ID, Login_username, password, Login_Type) values (82, 'rboich28', 'OZ01UGwH9Y6', 'Retailer');
insert into Login (Login_ID, Login_username, password, Login_Type) values (83, 'pchanning2a', '3uYdYK3ScJsl', 'Delivery Person');
insert into Login (Login_ID, Login_username, password, Login_Type) values (84, 'cgilardone2b', '9F3yUvsqW', 'Retailer');
insert into Login (Login_ID, Login_username, password, Login_Type) values (85, 'follet2c', 'wmx3PA', 'Retailer');
insert into Login (Login_ID, Login_username, password, Login_Type) values (86, 'ascalera2d', 'NVskUDFvizC', 'Delivery Person');
insert into Login (Login_ID, Login_username, password, Login_Type) values (87, 'cchstney2e', 'zau01GIdJ', 'Delivery Person');
insert into Login (Login_ID, Login_username, password, Login_Type) values (88, 'sbrandino2f', 'fcQsjuj2l', 'Retailer');
insert into Login (Login_ID, Login_username, password, Login_Type) values (89, 'rwhaites2g', 'thmrznI', 'Retailer');
insert into Login (Login_ID, Login_username, password, Login_Type) values (90, 'jlehoux2h', '5056q6Hk', 'Customer');
insert into Login (Login_ID, Login_username, password, Login_Type) values (91, 'acabedo2j', 'ik6BAGkVh9hY', 'Retailer');
insert into Login (Login_ID, Login_username, password, Login_Type) values (92, 'bshewsmith2i', '1fR5X5M', 'Retailer');
insert into Login (Login_ID, Login_username, password, Login_Type) values (93, 'cbedin2k', '3P0GlfRkyZ5', 'Delivery Person');
insert into Login (Login_ID, Login_username, password, Login_Type) values (94, 'jvickerstaff2l', 'DGXUZKT7SG', 'Customer');
insert into Login (Login_ID, Login_username, password, Login_Type) values (95, 'pfallow2m', 'w3Z2cN9jz', 'Retailer');
insert into Login (Login_ID, Login_username, password, Login_Type) values (96, 'kmacfayden2n', 'T1CL4Li9Zg', 'Customer');
insert into Login (Login_ID, Login_username, password, Login_Type) values (97, 'oronnay2o', 'R5s9PrNZz4Mr', 'Delivery Person');
insert into Login (Login_ID, Login_username, password, Login_Type) values (98, 'msapsforde2p', 'eNIui7o8c', 'Customer');
insert into Login (Login_ID, Login_username, password, Login_Type) values (99, 'tkruschev2q', 'dDf7qG4NHoz', 'Retailer');
insert into Login (Login_ID, Login_username, password, Login_Type) values (100, 'jgladhill2r', 'TmDzE3ELmDeo', 'Customer');

insert into Category (Category_ID, Category_Name) values (1, 'Clothing');
insert into Category (Category_ID, Category_Name) values (2, 'Electronics');
insert into Category (Category_ID, Category_Name) values (3, 'Home & Kitchen');
insert into Category (Category_ID, Category_Name) values (4, 'Beauty & Personal Care');
insert into Category (Category_ID, Category_Name) values (5, 'Sports & Outdoors');
insert into Category (Category_ID, Category_Name) values (6, 'AUtomative');
insert into Category (Category_ID, Category_Name) values (7, 'Food & Beverage');
insert into Category (Category_ID, Category_Name) values (8, 'Books & Media');
insert into Category (Category_ID, Category_Name) values (9, 'Furniture & Decor');
insert into Category (Category_ID, Category_Name) values (10, 'Toys & Games');
insert into Category (Category_ID, Category_Name) values (11, 'Baby Products');
insert into Category (Category_ID, Category_Name) values (12, 'Office supplies');
insert into Category (Category_ID, Category_Name) values (13, 'Outdoor Living');
insert into Category (Category_ID, Category_Name) values (14, 'Health & Wellness');
insert into Category (Category_ID, Category_Name) values (15, 'Pet Supplies');
insert into Category (Category_ID, Category_Name) values (16, 'Shoes & Accessories');
insert into Category (Category_ID, Category_Name) values (17, 'Jewelery & Watches');
insert into Category (Category_ID, Category_Name) values (18, 'Beauty & Accessories');
insert into Category (Category_ID, Category_Name) values (19, 'Home Appliances ');
insert into Category (Category_ID, Category_Name) values (20, 'Party Supplies');
insert into Category (Category_ID, Category_Name) values (21, 'Musical Instruments');
insert into Category (Category_ID, Category_Name) values (22, 'Shoes & Accessories');
insert into Category (Category_ID, Category_Name) values (23, 'video Games');
insert into Category (Category_ID, Category_Name) values (24, 'Office Furniture');
insert into Category (Category_ID, Category_Name) values (25, 'Shoes & Accessories');
insert into Category (Category_ID, Category_Name) values (26, 'Beauty & Accessories');
insert into Category (Category_ID, Category_Name) values (27, 'Action|Mystery|Sci-Fi');
insert into Category (Category_ID, Category_Name) values (28, 'Documentary');
insert into Category (Category_ID, Category_Name) values (29, 'Books & Media');
insert into Category (Category_ID, Category_Name) values (30, 'Comedy');
insert into Category (Category_ID, Category_Name) values (31, 'Books & Media');
insert into Category (Category_ID, Category_Name) values (32, 'Beauty & Accessories');
insert into Category (Category_ID, Category_Name) values (33, 'Documentary|Drama');
insert into Category (Category_ID, Category_Name) values (34, 'Video Games');
insert into Category (Category_ID, Category_Name) values (35, 'Shoes & Accessories');
insert into Category (Category_ID, Category_Name) values (36, 'Comedy|Mystery');
insert into Category (Category_ID, Category_Name) values (37, 'Mens Fashion');
insert into Category (Category_ID, Category_Name) values (38, 'Office Furniture');
insert into Category (Category_ID, Category_Name) values (39, 'Office Furniture');
insert into Category (Category_ID, Category_Name) values (40, 'Shoes & Accessories');
insert into Category (Category_ID, Category_Name) values (41, 'Office Furniture');
insert into Category (Category_ID, Category_Name) values (42, 'Documentary');
insert into Category (Category_ID, Category_Name) values (43, 'Office Furniture');
insert into Category (Category_ID, Category_Name) values (44, 'Outdoor Living');
insert into Category (Category_ID, Category_Name) values (45, 'Clothing');
insert into Category (Category_ID, Category_Name) values (46, 'Office Furniture');
insert into Category (Category_ID, Category_Name) values (47, 'Drama|Romance');
insert into Category (Category_ID, Category_Name) values (48, 'Documentary');
insert into Category (Category_ID, Category_Name) values (49, 'Office Furniture');
insert into Category (Category_ID, Category_Name) values (50, 'Comedy');
insert into Category (Category_ID, Category_Name) values (51, 'Beauty & Accessories');
insert into Category (Category_ID, Category_Name) values (52, 'Office Furniture');
insert into Category (Category_ID, Category_Name) values (53, 'Documentary');
insert into Category (Category_ID, Category_Name) values (54, 'Horror');
insert into Category (Category_ID, Category_Name) values (55, 'Shoes & Accessories');
insert into Category (Category_ID, Category_Name) values (56, 'Mens Fashion');
insert into Category (Category_ID, Category_Name) values (57, 'Documentary');
insert into Category (Category_ID, Category_Name) values (58, 'Adventure|Comedy');
insert into Category (Category_ID, Category_Name) values (59, 'Shoes & Accessories');
insert into Category (Category_ID, Category_Name) values (60, 'Mens Fashion');
insert into Category (Category_ID, Category_Name) values (61, 'Kids & baby');
insert into Category (Category_ID, Category_Name) values (62, 'Mens Fashion');
insert into Category (Category_ID, Category_Name) values (63, 'Mens Fashion');
insert into Category (Category_ID, Category_Name) values (64, 'Office Furniture');
insert into Category (Category_ID, Category_Name) values (65, 'Clothing');
insert into Category (Category_ID, Category_Name) values (66, 'Animation');
insert into Category (Category_ID, Category_Name) values (67, 'Clothing');
insert into Category (Category_ID, Category_Name) values (68, 'Clothing');
insert into Category (Category_ID, Category_Name) values (69, 'Golf');
insert into Category (Category_ID, Category_Name) values (70, 'Beauty & Accessories');
insert into Category (Category_ID, Category_Name) values (71, 'Mobile Devices');
insert into Category (Category_ID, Category_Name) values (72, 'Comedy|Western');
insert into Category (Category_ID, Category_Name) values (73, 'Shoes & Accessories');
insert into Category (Category_ID, Category_Name) values (74, 'Clothing');
insert into Category (Category_ID, Category_Name) values (75, 'Tennis');
insert into Category (Category_ID, Category_Name) values (76, 'Board Games');
insert into Category (Category_ID, Category_Name) values (77, 'Winter Sports');
insert into Category (Category_ID, Category_Name) values (78, 'Children|Drama');
insert into Category (Category_ID, Category_Name) values (79, 'Bicycles');
insert into Category (Category_ID, Category_Name) values (80, 'Outdoor Living');
insert into Category (Category_ID, Category_Name) values (81, 'Shoes & Accessories');
insert into Category (Category_ID, Category_Name) values (82, 'Outdoor Living');
insert into Category (Category_ID, Category_Name) values (83, 'Office Furniture');
insert into Category (Category_ID, Category_Name) values (84, 'Office Furniture');
insert into Category (Category_ID, Category_Name) values (85, 'Outdoor Living');
insert into Category (Category_ID, Category_Name) values (86, 'Power Tools');
insert into Category (Category_ID, Category_Name) values (87, 'Hand Tools');
insert into Category (Category_ID, Category_Name) values (88, 'Gifts');
insert into Category (Category_ID, Category_Name) values (89, 'Drama');
insert into Category (Category_ID, Category_Name) values (90, 'Shoes & Accessories');
insert into Category (Category_ID, Category_Name) values (91, 'Antiques & Collectibles');
insert into Category (Category_ID, Category_Name) values (92, 'Art Supplies');
insert into Category (Category_ID, Category_Name) values (93, 'Office Furniture');
insert into Category (Category_ID, Category_Name) values (94, 'Kids & Baby');
insert into Category (Category_ID, Category_Name) values (95, 'Office Furniture');
insert into Category (Category_ID, Category_Name) values (96, 'Crime|Drama');
insert into Category (Category_ID, Category_Name) values (97, 'Computers & Laptops');
insert into Category (Category_ID, Category_Name) values (98, 'Smart Home');
insert into Category (Category_ID, Category_Name) values (99, 'Shoes & Accessories');
insert into Category (Category_ID, Category_Name) values (100, 'Car Accessories');



insert into Retailer (Retailer_ID, FirstName, LastName, DOB, Age, Address, Phone) values (1, 'Yolande', 'Grafham', '2022-05-20', 29, '14 Lindbergh Lane', '8918065076');
insert into Retailer (Retailer_ID, FirstName, LastName, DOB, Age, Address, Phone) values (2, 'Ashbey', 'Zute', '2022-09-27', 82, '2 Prentice Place', '3098582813');
insert into Retailer (Retailer_ID, FirstName, LastName, DOB, Age, Address, Phone) values (3, 'Cissy', 'Checchi', '2022-09-11', 11, '5 Waxwing Crossing', '7617290398');
insert into Retailer (Retailer_ID, FirstName, LastName, DOB, Age, Address, Phone) values (4, 'Martie', 'Delgadillo', '2022-11-29', 75, '0 Lotheville Center', '2338369074');
insert into Retailer (Retailer_ID, FirstName, LastName, DOB, Age, Address, Phone) values (5, 'Rozele', 'Fawcett', '2022-08-03', 46, '22 Cottonwood Point', '2672541866');
insert into Retailer (Retailer_ID, FirstName, LastName, DOB, Age, Address, Phone) values (6, 'Misty', 'Robelin', '2022-03-31', 77, '03691 Waubesa Avenue', '3116687611');
insert into Retailer (Retailer_ID, FirstName, LastName, DOB, Age, Address, Phone) values (7, 'Phip', 'Burtwistle', '2023-01-31', 100, '7 Nevada Drive', '7733453072');
insert into Retailer (Retailer_ID, FirstName, LastName, DOB, Age, Address, Phone) values (8, 'Nelli', 'Bereford', '2022-11-02', 70, '187 Loeprich Junction', '2749138530');
insert into Retailer (Retailer_ID, FirstName, LastName, DOB, Age, Address, Phone) values (9, 'Gualterio', 'Winchester', '2023-02-04', 26, '6549 Kensington Junction', '3881905824');
insert into Retailer (Retailer_ID, FirstName, LastName, DOB, Age, Address, Phone) values (10, 'Myles', 'Hassin', '2022-08-20', 74, '90 Clove Center', '1677752975');
insert into Retailer (Retailer_ID, FirstName, LastName, DOB, Age, Address, Phone) values (11, 'Chick', 'Jans', '2022-07-07', 25, '80 Erie Junction', '7864974427');
insert into Retailer (Retailer_ID, FirstName, LastName, DOB, Age, Address, Phone) values (12, 'Emmy', 'Peepall', '2022-03-13', 35, '74729 Straubel Trail', '9033978486');
insert into Retailer (Retailer_ID, FirstName, LastName, DOB, Age, Address, Phone) values (13, 'Basilius', 'Sawell', '2022-08-23', 72, '932 Sheridan Center', '8461287275');
insert into Retailer (Retailer_ID, FirstName, LastName, DOB, Age, Address, Phone) values (14, 'Issiah', 'Danelut', '2022-02-17', 61, '91 Anniversary Alley', '4437623327');
insert into Retailer (Retailer_ID, FirstName, LastName, DOB, Age, Address, Phone) values (15, 'Sollie', 'Coyish', '2022-07-21', 3, '0 Melrose Drive', '6117951909');
insert into Retailer (Retailer_ID, FirstName, LastName, DOB, Age, Address, Phone) values (16, 'Ashby', 'Bassham', '2022-05-31', 71, '875 Burrows Plaza', '3787453134');
insert into Retailer (Retailer_ID, FirstName, LastName, DOB, Age, Address, Phone) values (17, 'Aleksandr', 'Krystof', '2022-08-29', 29, '8 Jenna Hill', '8866022919');
insert into Retailer (Retailer_ID, FirstName, LastName, DOB, Age, Address, Phone) values (18, 'Ginger', 'Dubique', '2023-01-16', 25, '095 Porter Drive', '4864921852');
insert into Retailer (Retailer_ID, FirstName, LastName, DOB, Age, Address, Phone) values (19, 'Evita', 'Showering', '2022-11-27', 82, '26748 Northridge Parkway', '8683785071');
insert into Retailer (Retailer_ID, FirstName, LastName, DOB, Age, Address, Phone) values (20, 'Mayne', 'McCarlie', '2023-01-19', 31, '4589 Texas Street', '1252617265');
insert into Retailer (Retailer_ID, FirstName, LastName, DOB, Age, Address, Phone) values (21, 'Una', 'Tothe', '2022-02-11', 9, '1405 Summit Plaza', '7147717798');
insert into Retailer (Retailer_ID, FirstName, LastName, DOB, Age, Address, Phone) values (22, 'Joel', 'Goschalk', '2022-06-22', 62, '40 Oxford Place', '5843901151');
insert into Retailer (Retailer_ID, FirstName, LastName, DOB, Age, Address, Phone) values (23, 'Barnebas', 'Figgins', '2022-10-09', 96, '53 Veith Junction', '9475968655');
insert into Retailer (Retailer_ID, FirstName, LastName, DOB, Age, Address, Phone) values (24, 'Christie', 'Gregine', '2022-11-11', 27, '4462 Stuart Lane', '1453686989');
insert into Retailer (Retailer_ID, FirstName, LastName, DOB, Age, Address, Phone) values (25, 'Berenice', 'Bront', '2022-08-01', 46, '2044 Kedzie Parkway', '6651185643');
insert into Retailer (Retailer_ID, FirstName, LastName, DOB, Age, Address, Phone) values (26, 'Gayle', 'Hylands', '2022-11-11', 3, '8 Daystar Trail', '4612271580');
insert into Retailer (Retailer_ID, FirstName, LastName, DOB, Age, Address, Phone) values (27, 'Kerr', 'Adame', '2022-07-30', 78, '45273 Blackbird Park', '6651754161');
insert into Retailer (Retailer_ID, FirstName, LastName, DOB, Age, Address, Phone) values (28, 'Boothe', 'Owain', '2022-09-22', 52, '623 Rusk Place', '2913548212');
insert into Retailer (Retailer_ID, FirstName, LastName, DOB, Age, Address, Phone) values (29, 'Tobias', 'Szymoni', '2022-08-04', 49, '096 Westridge Junction', '4759670367');
insert into Retailer (Retailer_ID, FirstName, LastName, DOB, Age, Address, Phone) values (30, 'Averell', 'McCritichie', '2022-12-07', 42, '66658 Haas Plaza', '5654564631');
insert into Retailer (Retailer_ID, FirstName, LastName, DOB, Age, Address, Phone) values (31, 'Druci', 'Voden', '2022-09-02', 46, '7870 Anthes Plaza', '2741300057');
insert into Retailer (Retailer_ID, FirstName, LastName, DOB, Age, Address, Phone) values (32, 'Dorella', 'Dresser', '2022-07-12', 57, '6 Vera Court', '3344364487');
insert into Retailer (Retailer_ID, FirstName, LastName, DOB, Age, Address, Phone) values (33, 'Kingsly', 'Bramstom', '2022-03-23', 40, '0 Corry Alley', '6323167173');
insert into Retailer (Retailer_ID, FirstName, LastName, DOB, Age, Address, Phone) values (34, 'Rasia', 'Bendon', '2022-10-25', 46, '2998 Porter Place', '5948650423');
insert into Retailer (Retailer_ID, FirstName, LastName, DOB, Age, Address, Phone) values (35, 'Zora', 'Petrelluzzi', '2022-10-27', 88, '04 Helena Way', '5854997431');
insert into Retailer (Retailer_ID, FirstName, LastName, DOB, Age, Address, Phone) values (36, 'Nancie', 'Filchagin', '2022-06-10', 77, '4202 Manley Plaza', '2914271615');
insert into Retailer (Retailer_ID, FirstName, LastName, DOB, Age, Address, Phone) values (37, 'Berenice', 'Feltoe', '2022-09-02', 42, '645 Fulton Avenue', '8652676468');
insert into Retailer (Retailer_ID, FirstName, LastName, DOB, Age, Address, Phone) values (38, 'Bernardo', 'Halwell', '2023-01-20', 14, '9 Express Trail', '2824554201');
insert into Retailer (Retailer_ID, FirstName, LastName, DOB, Age, Address, Phone) values (39, 'Marcia', 'Johann', '2022-10-03', 28, '92021 Harper Road', '2694651384');
insert into Retailer (Retailer_ID, FirstName, LastName, DOB, Age, Address, Phone) values (40, 'Hammad', 'Rentelll', '2022-03-27', 18, '7 Mccormick Parkway', '5925847604');
insert into Retailer (Retailer_ID, FirstName, LastName, DOB, Age, Address, Phone) values (41, 'Licha', 'Cordy', '2022-06-03', 94, '71 Ridge Oak Place', '9389944562');
insert into Retailer (Retailer_ID, FirstName, LastName, DOB, Age, Address, Phone) values (42, 'Diane', 'Fautly', '2022-07-14', 31, '04517 Mifflin Park', '7146957453');
insert into Retailer (Retailer_ID, FirstName, LastName, DOB, Age, Address, Phone) values (43, 'Peirce', 'Pepall', '2023-01-20', 22, '407 Browning Alley', '4505026589');
insert into Retailer (Retailer_ID, FirstName, LastName, DOB, Age, Address, Phone) values (44, 'Broddie', 'Dickenson', '2022-06-21', 41, '90 Buena Vista Street', '3992092602');
insert into Retailer (Retailer_ID, FirstName, LastName, DOB, Age, Address, Phone) values (45, 'Isidora', 'Everly', '2022-07-28', 53, '6 Parkside Way', '3875307169');
insert into Retailer (Retailer_ID, FirstName, LastName, DOB, Age, Address, Phone) values (46, 'Nicoli', 'Bygreaves', '2023-01-02', 27, '1 Golf Course Hill', '9973619510');
insert into Retailer (Retailer_ID, FirstName, LastName, DOB, Age, Address, Phone) values (47, 'Nil', 'Siege', '2022-03-20', 81, '87 Del Mar Point', '3826055001');
insert into Retailer (Retailer_ID, FirstName, LastName, DOB, Age, Address, Phone) values (48, 'Elissa', 'Gorwood', '2022-09-22', 60, '22 David Parkway', '6066418957');
insert into Retailer (Retailer_ID, FirstName, LastName, DOB, Age, Address, Phone) values (49, 'Michel', 'Wedderburn', '2022-11-16', 50, '77453 Glendale Trail', '7489888397');
insert into Retailer (Retailer_ID, FirstName, LastName, DOB, Age, Address, Phone) values (50, 'Auberon', 'Fansy', '2022-07-20', 4, '800 Shopko Pass', '7986300625');
insert into Retailer (Retailer_ID, FirstName, LastName, DOB, Age, Address, Phone) values (51, 'Godard', 'Wilstead', '2022-09-08', 44, '09 Lukken Lane', '3477833875');
insert into Retailer (Retailer_ID, FirstName, LastName, DOB, Age, Address, Phone) values (52, 'Terrel', 'Butts', '2022-10-05', 75, '73 Clyde Gallagher Road', '2226313647');
insert into Retailer (Retailer_ID, FirstName, LastName, DOB, Age, Address, Phone) values (53, 'Ben', 'Tomaselli', '2023-01-22', 37, '542 Marquette Hill', '9379685547');
insert into Retailer (Retailer_ID, FirstName, LastName, DOB, Age, Address, Phone) values (54, 'Inna', 'Locksley', '2022-07-31', 52, '4 Cody Crossing', '7813211976');
insert into Retailer (Retailer_ID, FirstName, LastName, DOB, Age, Address, Phone) values (55, 'Woodman', 'Sibbering', '2023-01-08', 22, '3102 Forster Way', '2257698298');
insert into Retailer (Retailer_ID, FirstName, LastName, DOB, Age, Address, Phone) values (56, 'Helyn', 'Bainbridge', '2022-04-25', 4, '9 Sage Drive', '5831668504');
insert into Retailer (Retailer_ID, FirstName, LastName, DOB, Age, Address, Phone) values (57, 'Barnett', 'McClurg', '2022-06-26', 91, '5 Novick Pass', '6167780232');
insert into Retailer (Retailer_ID, FirstName, LastName, DOB, Age, Address, Phone) values (58, 'Nessy', 'Lealle', '2022-05-31', 45, '6465 Moose Trail', '1924636154');
insert into Retailer (Retailer_ID, FirstName, LastName, DOB, Age, Address, Phone) values (59, 'Maxie', 'Meneux', '2022-06-22', 49, '65 Homewood Street', '5176282750');
insert into Retailer (Retailer_ID, FirstName, LastName, DOB, Age, Address, Phone) values (60, 'Ester', 'Klimontovich', '2022-06-08', 44, '46 West Trail', '7655669849');
insert into Retailer (Retailer_ID, FirstName, LastName, DOB, Age, Address, Phone) values (61, 'Dani', 'Dowers', '2022-08-07', 43, '6 Monica Point', '6444423124');
insert into Retailer (Retailer_ID, FirstName, LastName, DOB, Age, Address, Phone) values (62, 'Babbie', 'Shellshear', '2022-06-12', 80, '59182 Russell Plaza', '3177829195');
insert into Retailer (Retailer_ID, FirstName, LastName, DOB, Age, Address, Phone) values (63, 'Binny', 'Carlyle', '2022-07-02', 85, '4439 Weeping Birch Terrace', '3556716028');
insert into Retailer (Retailer_ID, FirstName, LastName, DOB, Age, Address, Phone) values (64, 'Natividad', 'McCrisken', '2023-01-27', 47, '361 Sullivan Terrace', '2166201328');
insert into Retailer (Retailer_ID, FirstName, LastName, DOB, Age, Address, Phone) values (65, 'Danny', 'Chisnell', '2022-03-04', 68, '45094 Hazelcrest Plaza', '2824522176');
insert into Retailer (Retailer_ID, FirstName, LastName, DOB, Age, Address, Phone) values (66, 'Ebony', 'Loines', '2022-02-26', 6, '0011 Nobel Park', '6168733583');
insert into Retailer (Retailer_ID, FirstName, LastName, DOB, Age, Address, Phone) values (67, 'Chase', 'Kither', '2022-04-05', 92, '07 Laurel Alley', '2948431090');
insert into Retailer (Retailer_ID, FirstName, LastName, DOB, Age, Address, Phone) values (68, 'Erena', 'Gostyke', '2022-05-07', 54, '98972 Butterfield Plaza', '8777266996');
insert into Retailer (Retailer_ID, FirstName, LastName, DOB, Age, Address, Phone) values (69, 'Paton', 'Foran', '2022-07-22', 83, '23773 Mayfield Pass', '1345750305');
insert into Retailer (Retailer_ID, FirstName, LastName, DOB, Age, Address, Phone) values (70, 'Ewell', 'Purdey', '2022-04-09', 11, '8 Hoepker Alley', '9986966332');
insert into Retailer (Retailer_ID, FirstName, LastName, DOB, Age, Address, Phone) values (71, 'Cherish', 'Deevey', '2022-10-29', 64, '29 Clove Drive', '7408815064');
insert into Retailer (Retailer_ID, FirstName, LastName, DOB, Age, Address, Phone) values (72, 'Tanhya', 'de Werk', '2023-01-30', 60, '78089 High Crossing Crossing', '8706357794');
insert into Retailer (Retailer_ID, FirstName, LastName, DOB, Age, Address, Phone) values (73, 'Danita', 'Rignold', '2022-07-22', 13, '51 Golden Leaf Road', '9628578448');
insert into Retailer (Retailer_ID, FirstName, LastName, DOB, Age, Address, Phone) values (74, 'Syd', 'Jarrett', '2022-03-02', 82, '7 Moland Parkway', '3617853717');
insert into Retailer (Retailer_ID, FirstName, LastName, DOB, Age, Address, Phone) values (75, 'Harp', 'Siggin', '2022-09-04', 91, '75680 Lerdahl Center', '5513586302');
insert into Retailer (Retailer_ID, FirstName, LastName, DOB, Age, Address, Phone) values (76, 'Chrissie', 'Perkin', '2022-12-03', 82, '529 Clemons Terrace', '6136795827');
insert into Retailer (Retailer_ID, FirstName, LastName, DOB, Age, Address, Phone) values (77, 'Les', 'Pallent', '2022-10-15', 94, '94 Di Loreto Pass', '6568716737');
insert into Retailer (Retailer_ID, FirstName, LastName, DOB, Age, Address, Phone) values (78, 'Knox', 'Sogg', '2022-04-07', 53, '9 Tony Parkway', '2088958435');
insert into Retailer (Retailer_ID, FirstName, LastName, DOB, Age, Address, Phone) values (79, 'Teddie', 'Curphey', '2022-06-06', 12, '38987 Maple Wood Road', '4207936359');
insert into Retailer (Retailer_ID, FirstName, LastName, DOB, Age, Address, Phone) values (80, 'Tobi', 'Yacobsohn', '2022-10-29', 6, '7 Lillian Trail', '1062915971');
insert into Retailer (Retailer_ID, FirstName, LastName, DOB, Age, Address, Phone) values (81, 'Morgan', 'Snartt', '2022-05-17', 79, '12380 Northwestern Drive', '4442581955');
insert into Retailer (Retailer_ID, FirstName, LastName, DOB, Age, Address, Phone) values (82, 'Nisse', 'Noden', '2022-11-23', 65, '78934 Evergreen Street', '7169014529');
insert into Retailer (Retailer_ID, FirstName, LastName, DOB, Age, Address, Phone) values (83, 'Elwira', 'Crehan', '2022-09-23', 1, '02 Shopko Lane', '4703513582');
insert into Retailer (Retailer_ID, FirstName, LastName, DOB, Age, Address, Phone) values (84, 'Linoel', 'Testro', '2022-10-31', 83, '8 Daystar Terrace', '6507997206');
insert into Retailer (Retailer_ID, FirstName, LastName, DOB, Age, Address, Phone) values (85, 'Rosanne', 'Meredyth', '2022-06-04', 40, '0 Fair Oaks Lane', '3241365453');
insert into Retailer (Retailer_ID, FirstName, LastName, DOB, Age, Address, Phone) values (86, 'Dalston', 'Darbey', '2022-04-09', 94, '916 Luster Plaza', '5665167967');
insert into Retailer (Retailer_ID, FirstName, LastName, DOB, Age, Address, Phone) values (87, 'Veronique', 'Walduck', '2022-12-29', 78, '3390 Eagan Terrace', '5663278590');
insert into Retailer (Retailer_ID, FirstName, LastName, DOB, Age, Address, Phone) values (88, 'Lyda', 'Loosely', '2022-09-24', 4, '79920 Washington Place', '3991630118');
insert into Retailer (Retailer_ID, FirstName, LastName, DOB, Age, Address, Phone) values (89, 'Aurelie', 'Alessandrucci', '2022-10-26', 29, '0334 Forest Center', '5645423048');
insert into Retailer (Retailer_ID, FirstName, LastName, DOB, Age, Address, Phone) values (90, 'Zondra', 'Bour', '2022-11-25', 58, '5 Coolidge Place', '1287459803');
insert into Retailer (Retailer_ID, FirstName, LastName, DOB, Age, Address, Phone) values (91, 'Addi', 'Ussher', '2022-11-27', 85, '887 Roth Lane', '6036042594');
insert into Retailer (Retailer_ID, FirstName, LastName, DOB, Age, Address, Phone) values (92, 'Jess', 'Caney', '2022-05-25', 31, '30 Mendota Center', '9443341798');
insert into Retailer (Retailer_ID, FirstName, LastName, DOB, Age, Address, Phone) values (93, 'Estrellita', 'Garza', '2022-07-09', 79, '74 Hollow Ridge Avenue', '3637548157');
insert into Retailer (Retailer_ID, FirstName, LastName, DOB, Age, Address, Phone) values (94, 'Darin', 'Fossey', '2022-08-04', 82, '66635 Brickson Park Terrace', '2585187517');
insert into Retailer (Retailer_ID, FirstName, LastName, DOB, Age, Address, Phone) values (95, 'Christiano', 'Dorton', '2022-09-03', 42, '50420 Clove Lane', '7535386352');
insert into Retailer (Retailer_ID, FirstName, LastName, DOB, Age, Address, Phone) values (96, 'Ricoriki', 'Jaulmes', '2022-10-25', 86, '3 Forest Run Avenue', '1947148233');
insert into Retailer (Retailer_ID, FirstName, LastName, DOB, Age, Address, Phone) values (97, 'Editha', 'Rowlands', '2022-03-15', 9, '7 Havey Alley', '8462433164');
insert into Retailer (Retailer_ID, FirstName, LastName, DOB, Age, Address, Phone) values (98, 'Warde', 'Haglington', '2022-11-18', 45, '9076 Commercial Street', '4223524468');
insert into Retailer (Retailer_ID, FirstName, LastName, DOB, Age, Address, Phone) values (99, 'Griswold', 'Sancho', '2022-09-18', 57, '20614 Jackson Center', '1208375871');
insert into Retailer (Retailer_ID, FirstName, LastName, DOB, Age, Address, Phone) values (100, 'Elsa', 'Tolhurst', '2022-09-24', 71, '514 Holmberg Court', '8364939633');


insert into Customer (Customer_ID, FirstName, LastName, DOB, Age, Street_Number, District, State, Pincode, Phone) values (1, 'Renard', 'Storm', '2022-09-29', 95, '1', 'Tomscot', 'Dongsheng', '33', '9016072619');
insert into Customer (Customer_ID, FirstName, LastName, DOB, Age, Street_Number, District, State, Pincode, Phone) values (2, 'Simona', 'Tibols', '2022-06-27', 85, '6311', 'Huxley', 'Hengelo', '4', '7739233309');
insert into Customer (Customer_ID, FirstName, LastName, DOB, Age, Street_Number, District, State, Pincode, Phone) values (3, 'Jere', 'Arend', '2022-03-30', 62, '328', 'Hazelcrest', 'Mospyne', '2524', '5641811345');
insert into Customer (Customer_ID, FirstName, LastName, DOB, Age, Street_Number, District, State, Pincode, Phone) values (4, 'Ernesta', 'Waudby', '2023-02-08', 19, '94632', 'Hintze', 'Jiuhu', '94744', '4222360853');
insert into Customer (Customer_ID, FirstName, LastName, DOB, Age, Street_Number, District, State, Pincode, Phone) values (5, 'Maible', 'Preto', '2022-09-01', 36, '06659', 'Schmedeman', 'Xinshui', '80', '9389830512');
insert into Customer (Customer_ID, FirstName, LastName, DOB, Age, Street_Number, District, State, Pincode, Phone) values (6, 'Jerad', 'Dmych', '2022-03-24', 61, '08721', 'Shasta', 'Polonne', '49613', '3875386292');
insert into Customer (Customer_ID, FirstName, LastName, DOB, Age, Street_Number, District, State, Pincode, Phone) values (7, 'Xenia', 'Saffon', '2022-06-07', 9, '51008', 'Meadow Vale', 'Ilongero', '5265', '4718906481');
insert into Customer (Customer_ID, FirstName, LastName, DOB, Age, Street_Number, District, State, Pincode, Phone) values (8, 'Georgina', 'Ruprecht', '2022-11-24', 58, '86', 'Coolidge', 'Palenggihan', '932', '1848639064');
insert into Customer (Customer_ID, FirstName, LastName, DOB, Age, Street_Number, District, State, Pincode, Phone) values (9, 'Manya', 'McMurdo', '2022-06-26', 23, '7', 'Superior', 'Selopuro', '9', '3481037782');
insert into Customer (Customer_ID, FirstName, LastName, DOB, Age, Street_Number, District, State, Pincode, Phone) values (10, 'Everard', 'Misselbrook', '2022-08-04', 46, '24', 'Waxwing', 'Gusev', '9', '5552022118');
insert into Customer (Customer_ID, FirstName, LastName, DOB, Age, Street_Number, District, State, Pincode, Phone) values (11, 'Federica', 'Cleminshaw', '2022-04-07', 97, '53948', 'Hermina', 'Sasovo', '9', '5362437187');
insert into Customer (Customer_ID, FirstName, LastName, DOB, Age, Street_Number, District, State, Pincode, Phone) values (12, 'Selina', 'Gepson', '2023-02-01', 91, '32036', 'Ridgeview', 'Huaping', '7267', '3739991848');
insert into Customer (Customer_ID, FirstName, LastName, DOB, Age, Street_Number, District, State, Pincode, Phone) values (13, 'Lillian', 'Ciobotaru', '2022-11-25', 80, '4', 'Warbler', 'Zásmuky', '7903', '1103164901');
insert into Customer (Customer_ID, FirstName, LastName, DOB, Age, Street_Number, District, State, Pincode, Phone) values (14, 'Van', 'Jeannequin', '2022-05-22', 96, '61', 'New Castle', 'Grazhdanka', '59', '8466817969');
insert into Customer (Customer_ID, FirstName, LastName, DOB, Age, Street_Number, District, State, Pincode, Phone) values (15, 'Zsa zsa', 'Norster', '2022-03-30', 32, '0276', 'Nobel', 'Union', '7983', '5487286885');
insert into Customer (Customer_ID, FirstName, LastName, DOB, Age, Street_Number, District, State, Pincode, Phone) values (16, 'Kerry', 'Durrett', '2022-12-25', 3, '3', 'Kim', 'Bačka Topola', '9020', '4405048987');
insert into Customer (Customer_ID, FirstName, LastName, DOB, Age, Street_Number, District, State, Pincode, Phone) values (17, 'Hettie', 'Kolodziej', '2022-09-29', 37, '1901', 'Milwaukee', 'Pszczew', '49', '7084989331');
insert into Customer (Customer_ID, FirstName, LastName, DOB, Age, Street_Number, District, State, Pincode, Phone) values (18, 'Katleen', 'Garfoot', '2022-10-19', 44, '922', 'Walton', 'Vanadzor', '95994', '1885519777');
insert into Customer (Customer_ID, FirstName, LastName, DOB, Age, Street_Number, District, State, Pincode, Phone) values (19, 'Nicola', 'Chittleburgh', '2022-07-10', 86, '9', 'Carpenter', 'Naḩḩālīn', '8125', '4904168349');
insert into Customer (Customer_ID, FirstName, LastName, DOB, Age, Street_Number, District, State, Pincode, Phone) values (20, 'Brunhilda', 'Hothersall', '2022-07-08', 95, '95157', 'Maple', 'Geshan', '100', '8131380159');
insert into Customer (Customer_ID, FirstName, LastName, DOB, Age, Street_Number, District, State, Pincode, Phone) values (21, 'Emalia', 'Pounds', '2022-07-30', 18, '13', 'Hauk', 'Kamenjane', '32947', '7258910644');
insert into Customer (Customer_ID, FirstName, LastName, DOB, Age, Street_Number, District, State, Pincode, Phone) values (22, 'Susy', 'Lundon', '2022-07-22', 22, '74', 'Old Gate', 'Piquillín', '5', '9864324554');
insert into Customer (Customer_ID, FirstName, LastName, DOB, Age, Street_Number, District, State, Pincode, Phone) values (23, 'Larine', 'Server', '2023-01-17', 28, '848', 'Gina', 'Novobiryusinskiy', '05784', '8856698359');
insert into Customer (Customer_ID, FirstName, LastName, DOB, Age, Street_Number, District, State, Pincode, Phone) values (24, 'Micheal', 'Denne', '2022-02-17', 18, '01', 'Kropf', 'Kudang', '22', '9832132449');
insert into Customer (Customer_ID, FirstName, LastName, DOB, Age, Street_Number, District, State, Pincode, Phone) values (25, 'Lockwood', 'Binstead', '2022-04-19', 14, '0', '3rd', 'Mandepa Barat', '76457', '7236583153');
insert into Customer (Customer_ID, FirstName, LastName, DOB, Age, Street_Number, District, State, Pincode, Phone) values (26, 'Elena', 'Pauwel', '2022-09-30', 99, '32593', 'Towne', 'Caherconlish', '0', '4253345831');
insert into Customer (Customer_ID, FirstName, LastName, DOB, Age, Street_Number, District, State, Pincode, Phone) values (27, 'Reid', 'Duke', '2022-05-17', 62, '9', 'Dahle', 'Los Pinos', '93', '1228113545');
insert into Customer (Customer_ID, FirstName, LastName, DOB, Age, Street_Number, District, State, Pincode, Phone) values (28, 'Derk', 'Bernardoux', '2022-12-28', 24, '5317', 'Main', 'Mulan', '3', '6639215115');
insert into Customer (Customer_ID, FirstName, LastName, DOB, Age, Street_Number, District, State, Pincode, Phone) values (29, 'Germain', 'Scanes', '2022-11-03', 56, '0', 'Bayside', 'Soest', '711', '9265386565');
insert into Customer (Customer_ID, FirstName, LastName, DOB, Age, Street_Number, District, State, Pincode, Phone) values (30, 'Aretha', 'Culbert', '2022-06-14', 67, '62503', 'Fordem', 'Lilongwe', '90', '6759977963');
insert into Customer (Customer_ID, FirstName, LastName, DOB, Age, Street_Number, District, State, Pincode, Phone) values (31, 'Thomasa', 'Clausson', '2022-10-31', 16, '8', 'Fuller', 'Kinnegad', '77767', '5093085601');
insert into Customer (Customer_ID, FirstName, LastName, DOB, Age, Street_Number, District, State, Pincode, Phone) values (32, 'Johannes', 'Bridat', '2022-04-01', 1, '5', 'Laurel', 'Pengdian', '11', '1619439263');
insert into Customer (Customer_ID, FirstName, LastName, DOB, Age, Street_Number, District, State, Pincode, Phone) values (33, 'Lanita', 'Daggett', '2022-09-16', 94, '01610', 'Canary', 'Xintang', '140', '7175132375');
insert into Customer (Customer_ID, FirstName, LastName, DOB, Age, Street_Number, District, State, Pincode, Phone) values (34, 'Sherwood', 'Lanmeid', '2022-03-11', 56, '11188', 'Maywood', 'Montbéliard', '45', '1344624495');
insert into Customer (Customer_ID, FirstName, LastName, DOB, Age, Street_Number, District, State, Pincode, Phone) values (35, 'Cammie', 'Riordan', '2022-09-04', 48, '81', 'Oneill', 'Dambarta', '911', '5724669722');
insert into Customer (Customer_ID, FirstName, LastName, DOB, Age, Street_Number, District, State, Pincode, Phone) values (36, 'Correy', 'Kettlestringe', '2022-05-02', 94, '4', 'Maple Wood', 'Chongmin', '22', '1524772459');
insert into Customer (Customer_ID, FirstName, LastName, DOB, Age, Street_Number, District, State, Pincode, Phone) values (37, 'Roddie', 'Kellock', '2022-11-05', 38, '4146', 'Shasta', 'Vacaria', '0', '4983615183');
insert into Customer (Customer_ID, FirstName, LastName, DOB, Age, Street_Number, District, State, Pincode, Phone) values (38, 'Wolfgang', 'Jeannot', '2022-03-06', 77, '90', '2nd', 'Alukama', '51', '5569369694');
insert into Customer (Customer_ID, FirstName, LastName, DOB, Age, Street_Number, District, State, Pincode, Phone) values (39, 'Vonni', 'Sydes', '2022-06-12', 57, '07744', 'Linden', 'Verenchanka', '1240', '3683366562');
insert into Customer (Customer_ID, FirstName, LastName, DOB, Age, Street_Number, District, State, Pincode, Phone) values (40, 'Donavon', 'Odam', '2022-02-21', 55, '298', 'Vera', 'Casma', '353', '7623977490');
insert into Customer (Customer_ID, FirstName, LastName, DOB, Age, Street_Number, District, State, Pincode, Phone) values (41, 'Micheline', 'Deelay', '2022-10-31', 51, '6937', 'John Wall', 'Batanghari', '58', '7255840178');
insert into Customer (Customer_ID, FirstName, LastName, DOB, Age, Street_Number, District, State, Pincode, Phone) values (42, 'Emilie', 'Dobinson', '2022-04-27', 83, '67', 'Onsgard', 'Shimen', '960', '3152469707');
insert into Customer (Customer_ID, FirstName, LastName, DOB, Age, Street_Number, District, State, Pincode, Phone) values (43, 'Elfrida', 'Pulman', '2022-09-29', 98, '81830', 'Butternut', 'Shaxi', '7803', '5461756581');
insert into Customer (Customer_ID, FirstName, LastName, DOB, Age, Street_Number, District, State, Pincode, Phone) values (44, 'Rosaleen', 'Mervyn', '2022-08-11', 12, '2628', 'Amoth', 'Jingling', '59', '3552336570');
insert into Customer (Customer_ID, FirstName, LastName, DOB, Age, Street_Number, District, State, Pincode, Phone) values (45, 'Farand', 'Baumert', '2022-07-16', 5, '9780', 'Sachtjen', 'Cisoka', '1697', '2507282501');
insert into Customer (Customer_ID, FirstName, LastName, DOB, Age, Street_Number, District, State, Pincode, Phone) values (46, 'Hoyt', 'Peasgood', '2022-07-27', 16, '224', 'Transport', 'Makrýgialos', '62965', '7372523660');
insert into Customer (Customer_ID, FirstName, LastName, DOB, Age, Street_Number, District, State, Pincode, Phone) values (47, 'Cary', 'Godsafe', '2022-11-11', 84, '095', 'Monica', 'Melaka', '8', '5414773436');
insert into Customer (Customer_ID, FirstName, LastName, DOB, Age, Street_Number, District, State, Pincode, Phone) values (48, 'Malchy', 'Hasell', '2022-07-22', 60, '7725', 'Waxwing', 'Dabu', '21', '5243175503');
insert into Customer (Customer_ID, FirstName, LastName, DOB, Age, Street_Number, District, State, Pincode, Phone) values (49, 'Olga', 'Gendricke', '2022-08-13', 99, '77', 'Calypso', 'Dolní Čermná', '4', '6738579154');
insert into Customer (Customer_ID, FirstName, LastName, DOB, Age, Street_Number, District, State, Pincode, Phone) values (50, 'Noelyn', 'Folds', '2022-02-17', 33, '036', 'Orin', 'Hule', '07', '6417234570');
insert into Customer (Customer_ID, FirstName, LastName, DOB, Age, Street_Number, District, State, Pincode, Phone) values (51, 'Francklin', 'Adin', '2022-04-16', 65, '8', 'Clove', 'Ţawr al Bāḩah', '0', '3473747414');
insert into Customer (Customer_ID, FirstName, LastName, DOB, Age, Street_Number, District, State, Pincode, Phone) values (52, 'Konstantin', 'Glendining', '2022-06-14', 6, '83508', 'Norway Maple', 'Sychëvo', '4003', '5143596846');
insert into Customer (Customer_ID, FirstName, LastName, DOB, Age, Street_Number, District, State, Pincode, Phone) values (53, 'Calla', 'Mayhou', '2022-08-24', 56, '279', 'Arrowood', 'Irkutsk', '77990', '3432004137');
insert into Customer (Customer_ID, FirstName, LastName, DOB, Age, Street_Number, District, State, Pincode, Phone) values (54, 'Lynn', 'Morten', '2023-02-04', 59, '6', 'Daystar', 'Ermelo', '2', '8523953114');
insert into Customer (Customer_ID, FirstName, LastName, DOB, Age, Street_Number, District, State, Pincode, Phone) values (55, 'Tadeas', 'Storks', '2023-01-20', 44, '40120', 'Novick', 'Biała', '0462', '3845194375');
insert into Customer (Customer_ID, FirstName, LastName, DOB, Age, Street_Number, District, State, Pincode, Phone) values (56, 'Penrod', 'Betteridge', '2022-03-30', 19, '2', 'Logan', 'Kuštilj', '59477', '2716055576');
insert into Customer (Customer_ID, FirstName, LastName, DOB, Age, Street_Number, District, State, Pincode, Phone) values (57, 'Carena', 'Giron', '2022-11-23', 25, '0', 'Montana', 'Mamfe', '07413', '8618877000');
insert into Customer (Customer_ID, FirstName, LastName, DOB, Age, Street_Number, District, State, Pincode, Phone) values (58, 'Bjorn', 'Stork', '2022-03-10', 3, '233', 'Homewood', 'Niños Heroes', '19366', '3816416378');
insert into Customer (Customer_ID, FirstName, LastName, DOB, Age, Street_Number, District, State, Pincode, Phone) values (59, 'Jenda', 'Curwen', '2022-10-07', 55, '3', 'Michigan', 'Kaduy', '98', '3204779934');
insert into Customer (Customer_ID, FirstName, LastName, DOB, Age, Street_Number, District, State, Pincode, Phone) values (60, 'Betsey', 'Morford', '2022-12-05', 58, '70741', 'Southridge', 'Patpata Segundo', '83', '1156397447');
insert into Customer (Customer_ID, FirstName, LastName, DOB, Age, Street_Number, District, State, Pincode, Phone) values (61, 'Enrika', 'Torbet', '2022-10-23', 4, '45', 'Kensington', 'Kabinda', '977', '7969032201');
insert into Customer (Customer_ID, FirstName, LastName, DOB, Age, Street_Number, District, State, Pincode, Phone) values (62, 'Maureene', 'Mayoh', '2022-08-02', 48, '10974', 'Judy', 'Baolong', '538', '8427662528');
insert into Customer (Customer_ID, FirstName, LastName, DOB, Age, Street_Number, District, State, Pincode, Phone) values (63, 'Berkley', 'Gabbidon', '2022-10-10', 64, '000', 'Bellgrove', 'Tarqūmyā', '672', '7302055420');
insert into Customer (Customer_ID, FirstName, LastName, DOB, Age, Street_Number, District, State, Pincode, Phone) values (64, 'Tobiah', 'Cortez', '2022-07-07', 83, '9193', 'Schiller', 'Tanjung', '4', '5766856627');
insert into Customer (Customer_ID, FirstName, LastName, DOB, Age, Street_Number, District, State, Pincode, Phone) values (65, 'Teriann', 'Lax', '2022-11-19', 6, '6862', 'Sullivan', 'Francisco Villa', '27', '1343023048');
insert into Customer (Customer_ID, FirstName, LastName, DOB, Age, Street_Number, District, State, Pincode, Phone) values (66, 'Kelsi', 'Wimpenny', '2023-01-02', 66, '850', 'Main', 'Lyudinovo', '196', '7787123621');
insert into Customer (Customer_ID, FirstName, LastName, DOB, Age, Street_Number, District, State, Pincode, Phone) values (67, 'Agata', 'Borwick', '2022-03-18', 43, '02', 'Hauk', 'Vykhino-Zhulebino', '18', '8892391847');
insert into Customer (Customer_ID, FirstName, LastName, DOB, Age, Street_Number, District, State, Pincode, Phone) values (68, 'Tabbitha', 'Iglesia', '2022-07-29', 89, '9', 'Maple Wood', 'Ōita', '65', '4346781878');
insert into Customer (Customer_ID, FirstName, LastName, DOB, Age, Street_Number, District, State, Pincode, Phone) values (69, 'Coop', 'Holtaway', '2022-12-31', 90, '86175', 'Ilene', 'Nagrog Wetan', '33', '9533964156');
insert into Customer (Customer_ID, FirstName, LastName, DOB, Age, Street_Number, District, State, Pincode, Phone) values (70, 'Clarice', 'Cassy', '2023-01-12', 30, '02', 'Golf View', 'Belköl', '62', '2373666968');
insert into Customer (Customer_ID, FirstName, LastName, DOB, Age, Street_Number, District, State, Pincode, Phone) values (71, 'Theodoric', 'Duferie', '2023-01-23', 32, '22', 'Old Shore', 'Tashang', '81021', '8789659046');
insert into Customer (Customer_ID, FirstName, LastName, DOB, Age, Street_Number, District, State, Pincode, Phone) values (72, 'Paulina', 'Shakesby', '2022-11-26', 42, '79', 'Talmadge', 'Vaiņode', '551', '2406012570');
insert into Customer (Customer_ID, FirstName, LastName, DOB, Age, Street_Number, District, State, Pincode, Phone) values (73, 'Abraham', 'Maybery', '2022-08-05', 87, '6798', 'Darwin', 'Nyima', '401', '4095806355');
insert into Customer (Customer_ID, FirstName, LastName, DOB, Age, Street_Number, District, State, Pincode, Phone) values (74, 'Clint', 'Messenger', '2022-07-24', 66, '0', 'Farmco', 'Zhayang', '7', '1229142914');
insert into Customer (Customer_ID, FirstName, LastName, DOB, Age, Street_Number, District, State, Pincode, Phone) values (75, 'Angelika', 'Baumford', '2022-12-25', 44, '01', 'Charing Cross', 'Hengshan', '2326', '3195533425');
insert into Customer (Customer_ID, FirstName, LastName, DOB, Age, Street_Number, District, State, Pincode, Phone) values (76, 'Patricio', 'Stanborough', '2022-11-28', 15, '418', 'Ridgeway', 'Otwock', '270', '8513542881');
insert into Customer (Customer_ID, FirstName, LastName, DOB, Age, Street_Number, District, State, Pincode, Phone) values (77, 'Jerald', 'Eglin', '2022-07-28', 97, '7081', 'Melrose', 'Parakanpanjang', '683', '9186268679');
insert into Customer (Customer_ID, FirstName, LastName, DOB, Age, Street_Number, District, State, Pincode, Phone) values (78, 'Jemimah', 'Medendorp', '2022-10-07', 56, '189', 'Arizona', 'Yangzi', '46', '4908418336');
insert into Customer (Customer_ID, FirstName, LastName, DOB, Age, Street_Number, District, State, Pincode, Phone) values (79, 'Mindy', 'Duckett', '2022-05-22', 90, '44', 'Del Sol', 'Xinbao', '48340', '5461675867');
insert into Customer (Customer_ID, FirstName, LastName, DOB, Age, Street_Number, District, State, Pincode, Phone) values (80, 'Chan', 'Charrisson', '2022-03-06', 33, '18', 'Lyons', 'Vacoas', '6', '6976392841');
insert into Customer (Customer_ID, FirstName, LastName, DOB, Age, Street_Number, District, State, Pincode, Phone) values (81, 'Estel', 'Friend', '2022-05-20', 20, '79553', 'Maryland', 'Yuza', '32244', '6325015013');
insert into Customer (Customer_ID, FirstName, LastName, DOB, Age, Street_Number, District, State, Pincode, Phone) values (82, 'Row', 'Callen', '2022-11-16', 96, '12', 'Claremont', 'Castelo de Vide', '2015', '9541121219');
insert into Customer (Customer_ID, FirstName, LastName, DOB, Age, Street_Number, District, State, Pincode, Phone) values (83, 'Catha', 'Scholte', '2022-05-30', 3, '85', 'Graceland', 'Bela Vista do Paraíso', '96088', '3534402521');
insert into Customer (Customer_ID, FirstName, LastName, DOB, Age, Street_Number, District, State, Pincode, Phone) values (84, 'Conan', 'Willingham', '2022-08-11', 26, '729', 'Bashford', 'Bamiantong', '656', '3045131370');
insert into Customer (Customer_ID, FirstName, LastName, DOB, Age, Street_Number, District, State, Pincode, Phone) values (85, 'Erin', 'Urrey', '2022-11-16', 32, '3', 'Knutson', 'Song', '8', '2202589200');
insert into Customer (Customer_ID, FirstName, LastName, DOB, Age, Street_Number, District, State, Pincode, Phone) values (86, 'Leonardo', 'Meeny', '2022-04-18', 91, '2484', 'Lotheville', 'Sundbyberg', '73780', '2952228742');
insert into Customer (Customer_ID, FirstName, LastName, DOB, Age, Street_Number, District, State, Pincode, Phone) values (87, 'Simon', 'Blakeston', '2022-03-16', 11, '7837', 'Meadow Ridge', 'Sokolnice', '96', '7817692422');
insert into Customer (Customer_ID, FirstName, LastName, DOB, Age, Street_Number, District, State, Pincode, Phone) values (88, 'Tamiko', 'Ionnidis', '2022-09-28', 52, '56960', 'Golden Leaf', 'Ashley', '3', '7142614307');
insert into Customer (Customer_ID, FirstName, LastName, DOB, Age, Street_Number, District, State, Pincode, Phone) values (89, 'Hugues', 'Chawkley', '2023-01-06', 10, '8803', '5th', 'Kampunganyar', '94105', '1829980285');
insert into Customer (Customer_ID, FirstName, LastName, DOB, Age, Street_Number, District, State, Pincode, Phone) values (90, 'Bernard', 'Ferreira', '2022-03-02', 89, '00367', 'Crest Line', 'Makui', '1', '4671421525');
insert into Customer (Customer_ID, FirstName, LastName, DOB, Age, Street_Number, District, State, Pincode, Phone) values (91, 'Cesar', 'Kildale', '2022-07-12', 93, '56', 'Southridge', 'Mizdah', '6515', '3013266402');
insert into Customer (Customer_ID, FirstName, LastName, DOB, Age, Street_Number, District, State, Pincode, Phone) values (92, 'Agosto', 'Blann', '2022-09-23', 17, '0', 'Holy Cross', 'Sanban', '9', '9905261681');
insert into Customer (Customer_ID, FirstName, LastName, DOB, Age, Street_Number, District, State, Pincode, Phone) values (93, 'Brigid', 'de''-Ancy Willis', '2022-12-09', 23, '563', 'Westend', 'Naprawa', '378', '9647990429');
insert into Customer (Customer_ID, FirstName, LastName, DOB, Age, Street_Number, District, State, Pincode, Phone) values (94, 'Charmion', 'Gelletly', '2022-05-07', 17, '16346', 'Darwin', 'Níkaia', '3', '7813739795');
insert into Customer (Customer_ID, FirstName, LastName, DOB, Age, Street_Number, District, State, Pincode, Phone) values (95, 'Hermione', 'Jeckell', '2022-04-04', 56, '9911', 'Milwaukee', 'Rancabelut', '9338', '2644885762');
insert into Customer (Customer_ID, FirstName, LastName, DOB, Age, Street_Number, District, State, Pincode, Phone) values (96, 'Gerianne', 'Wheeldon', '2022-03-19', 27, '826', 'Dryden', 'Bouças', '630', '7364618345');
insert into Customer (Customer_ID, FirstName, LastName, DOB, Age, Street_Number, District, State, Pincode, Phone) values (97, 'Bernarr', 'Powelee', '2022-11-16', 78, '47', '5th', 'Eadestown', '113', '1582775327');
insert into Customer (Customer_ID, FirstName, LastName, DOB, Age, Street_Number, District, State, Pincode, Phone) values (98, 'Catie', 'Baselli', '2022-09-09', 73, '113', 'Myrtle', 'Tambakmerak', '0051', '3287480071');
insert into Customer (Customer_ID, FirstName, LastName, DOB, Age, Street_Number, District, State, Pincode, Phone) values (99, 'Simonette', 'Hambatch', '2022-08-26', 21, '24', '2nd', 'Bafoussam', '963', '6846635858');
insert into Customer (Customer_ID, FirstName, LastName, DOB, Age, Street_Number, District, State, Pincode, Phone) values (100, 'Cobbie', 'Paget', '2022-08-29', 11, '039', 'Cody', 'Ban Rangsit', '12', '9415909995');


insert into Product (Product_ID, Product_Category, Product_Availabilty, Product_price_in$, Product_name, Product_Discount) values (1, 'Clothing', false, '$7.59', 'Public Housing', 20);
insert into Product (Product_ID, Product_Category, Product_Availabilty, Product_price_in$, Product_name, Product_Discount) values (2, 'Electronics', true, '$0.75', 'Gridiron Gang', 13);
insert into Product (Product_ID, Product_Category, Product_Availabilty, Product_price_in$, Product_name, Product_Discount) values (3, 'Electronics', false, '$8.71', 'Orchestra Rehearsal (Prova d''orchestra)', 43);
insert into Product (Product_ID, Product_Category, Product_Availabilty, Product_price_in$, Product_name, Product_Discount) values (4, 'Electronics', true, '$6.71', 'Bridget Jones''s Diary', 7);
insert into Product (Product_ID, Product_Category, Product_Availabilty, Product_price_in$, Product_name, Product_Discount) values (5, 'Outdoor Living', true, '$3.59', 'The Mountain of the Cannibal God', 43);
insert into Product (Product_ID, Product_Category, Product_Availabilty, Product_price_in$, Product_name, Product_Discount) values (6, 'Outdoor Living', false, '$5.41', 'Indian Tomb, The (Das indische Grabmal)', 7);
insert into Product (Product_ID, Product_Category, Product_Availabilty, Product_price_in$, Product_name, Product_Discount) values (7, 'Clothing|Electronics|Musical', true, '$1.60', 'This Is Elvis', 28);
insert into Product (Product_ID, Product_Category, Product_Availabilty, Product_price_in$, Product_name, Product_Discount) values (8, 'Home & Kitchen|Computer & Laptops', true, '$4.64', 'Hands Across the Table', 4);
insert into Product (Product_ID, Product_Category, Product_Availabilty, Product_price_in$, Product_name, Product_Discount) values (9, 'Electronics', true, '$0.65', 'Education of Charlie Banks, The', 37);
insert into Product (Product_ID, Product_Category, Product_Availabilty, Product_price_in$, Product_name, Product_Discount) values (10, 'Home & Kitchen|Computer & Laptops', false, '$3.44', 'White Sheik, The (Sceicco bianco, Lo)', 27);
insert into Product (Product_ID, Product_Category, Product_Availabilty, Product_price_in$, Product_name, Product_Discount) values (11, 'Electronics|Outdoor Living', true, '$1.43', 'Bloody Child, The', 31);
insert into Product (Product_ID, Product_Category, Product_Availabilty, Product_price_in$, Product_name, Product_Discount) values (12, 'Men Fashion', false, '$4.56', 'Big Bird Cage, The', 16);
insert into Product (Product_ID, Product_Category, Product_Availabilty, Product_price_in$, Product_name, Product_Discount) values (13, 'Horror|Bicycle|Outdoor Living', true, '$7.72', 'Dreamscape', 47);
insert into Product (Product_ID, Product_Category, Product_Availabilty, Product_price_in$, Product_name, Product_Discount) values (14, 'Electronics|Computer & Laptops', false, '$4.89', 'Farewell, My Queen (Les adieux à la reine)', 50);
insert into Product (Product_ID, Product_Category, Product_Availabilty, Product_price_in$, Product_name, Product_Discount) values (15, 'Western', true, '$7.35', 'Redemption: For Robbing the Dead', 13);
insert into Product (Product_ID, Product_Category, Product_Availabilty, Product_price_in$, Product_name, Product_Discount) values (16, 'Electronics', false, '$7.82', 'From the Terrace', 9);
insert into Product (Product_ID, Product_Category, Product_Availabilty, Product_price_in$, Product_name, Product_Discount) values (17, 'Electronics|Computer & Laptops', true, '$2.48', 'Casablanca', 14);
insert into Product (Product_ID, Product_Category, Product_Availabilty, Product_price_in$, Product_name, Product_Discount) values (18, 'Home & Kitchen', true, '$7.31', 'Crackerjack', 4);
insert into Product (Product_ID, Product_Category, Product_Availabilty, Product_price_in$, Product_name, Product_Discount) values (19, 'Electronics', true, '$1.24', 'Zozo', 50);
insert into Product (Product_ID, Product_Category, Product_Availabilty, Product_price_in$, Product_name, Product_Discount) values (20, 'Home & Kitchen|Electronics|Musical', true, '$3.78', 'Commitments, The', 25);
insert into Product (Product_ID, Product_Category, Product_Availabilty, Product_price_in$, Product_name, Product_Discount) values (21, 'Outdoor Living|Children', false, '$6.00', 'Incredible Journey, The', 25);
insert into Product (Product_ID, Product_Category, Product_Availabilty, Product_price_in$, Product_name, Product_Discount) values (22, 'Electronics', true, '$6.05', 'Summer in Berlin (Sommer vorm Balkon)', 12);
insert into Product (Product_ID, Product_Category, Product_Availabilty, Product_price_in$, Product_name, Product_Discount) values (23, 'Men Fashion', true, '$6.56', 'American Kickboxer 2 (American Kickboxer 2: To the Death)', 35);
insert into Product (Product_ID, Product_Category, Product_Availabilty, Product_price_in$, Product_name, Product_Discount) values (24, 'Home & Kitchen', false, '$6.54', 'Home Sweet Home', 47);
insert into Product (Product_ID, Product_Category, Product_Availabilty, Product_price_in$, Product_name, Product_Discount) values (25, 'Electronics', true, '$2.04', 'Daddy Nostalgia (Daddy Nostalgie)', 8);
insert into Product (Product_ID, Product_Category, Product_Availabilty, Product_price_in$, Product_name, Product_Discount) values (26, 'Baby Products|Electronics|Outdoor Living|Computer & Laptops', true, '$7.67', 'Lost Highway', 43);
insert into Product (Product_ID, Product_Category, Product_Availabilty, Product_price_in$, Product_name, Product_Discount) values (27, 'Baby Products|Electronics|Outdoor Living', false, '$2.60', 'Bullet for Joey, A', 38);
insert into Product (Product_ID, Product_Category, Product_Availabilty, Product_price_in$, Product_name, Product_Discount) values (28, 'Electronics', false, '$10.00', 'Nayak: The Hero', 24);
insert into Product (Product_ID, Product_Category, Product_Availabilty, Product_price_in$, Product_name, Product_Discount) values (29, 'Clothing', true, '$4.00', 'Preston Sturges: The Rise and Fall of an American Dreamer', 6);
insert into Product (Product_ID, Product_Category, Product_Availabilty, Product_price_in$, Product_name, Product_Discount) values (30, 'Home & Kitchen', false, '$4.66', 'Lord Love a Duck', 20);
insert into Product (Product_ID, Product_Category, Product_Availabilty, Product_price_in$, Product_name, Product_Discount) values (31, 'Electronics', false, '$1.29', 'Old Man and the Sea, The', 37);
insert into Product (Product_ID, Product_Category, Product_Availabilty, Product_price_in$, Product_name, Product_Discount) values (32, 'Men Fashion', true, '$8.99', 'Eye of the Tiger', 6);
insert into Product (Product_ID, Product_Category, Product_Availabilty, Product_price_in$, Product_name, Product_Discount) values (33, 'Electronics|Outdoor Living', true, '$8.96', 'They Came Back (Les Revenants)', 15);
insert into Product (Product_ID, Product_Category, Product_Availabilty, Product_price_in$, Product_name, Product_Discount) values (34, 'Home & Kitchen|Electronics|Musical|Computer & Laptops', false, '$6.02', 'Less of Sugar (Cheeni Kum)', 2);
insert into Product (Product_ID, Product_Category, Product_Availabilty, Product_price_in$, Product_name, Product_Discount) values (35, 'Electronics', false, '$6.38', 'Under the Age', 2);
insert into Product (Product_ID, Product_Category, Product_Availabilty, Product_price_in$, Product_name, Product_Discount) values (36, 'Clothing', true, '$8.29', 'A House of Secrets: Exploring ''Dragonwyck''', 12);
insert into Product (Product_ID, Product_Category, Product_Availabilty, Product_price_in$, Product_name, Product_Discount) values (37, 'Outdoor Living', false, '$5.65', 'Girl on the Train, The', 44);
insert into Product (Product_ID, Product_Category, Product_Availabilty, Product_price_in$, Product_name, Product_Discount) values (38, 'Home & Kitchen', false, '$8.45', 'Mimino', 23);
insert into Product (Product_ID, Product_Category, Product_Availabilty, Product_price_in$, Product_name, Product_Discount) values (39, 'Electronics|Outdoor Living', true, '$6.49', 'Séraphine', 3);
insert into Product (Product_ID, Product_Category, Product_Availabilty, Product_price_in$, Product_name, Product_Discount) values (40, 'Horror|Outdoor Living', false, '$1.80', 'Last Horror Movie, The', 20);
insert into Product (Product_ID, Product_Category, Product_Availabilty, Product_price_in$, Product_name, Product_Discount) values (41, 'Home & Kitchen|Computer & Laptops', false, '$1.37', 'Foreign Affair, A', 50);
insert into Product (Product_ID, Product_Category, Product_Availabilty, Product_price_in$, Product_name, Product_Discount) values (42, 'Electronics', true, '$0.26', 'Secrets of the Heart (Secretos del Corazón)', 14);
insert into Product (Product_ID, Product_Category, Product_Availabilty, Product_price_in$, Product_name, Product_Discount) values (43, 'Home & Kitchen|Electronics', true, '$4.77', 'Village Barbershop, The', 38);
insert into Product (Product_ID, Product_Category, Product_Availabilty, Product_price_in$, Product_name, Product_Discount) values (44, 'Pet Supplies|Home & Kitchen|Musical|Computer & Laptops', true, '$0.47', 'Love Hina Spring Special', 8);
insert into Product (Product_ID, Product_Category, Product_Availabilty, Product_price_in$, Product_name, Product_Discount) values (45, 'Electronics', true, '$3.80', 'Hardcore', 23);
insert into Product (Product_ID, Product_Category, Product_Availabilty, Product_price_in$, Product_name, Product_Discount) values (46, 'Electronics', true, '$7.03', 'Between the Devil and the Deep Blue Sea', 28);
insert into Product (Product_ID, Product_Category, Product_Availabilty, Product_price_in$, Product_name, Product_Discount) values (47, 'Home & Kitchen|Electronics|Horror', false, '$2.52', 'Parents', 48);
insert into Product (Product_ID, Product_Category, Product_Availabilty, Product_price_in$, Product_name, Product_Discount) values (48, 'Electronics|Computer & Laptops', false, '$1.09', 'Lovers on the Bridge, The (Amants du Pont-Neuf, Les)', 19);
insert into Product (Product_ID, Product_Category, Product_Availabilty, Product_price_in$, Product_name, Product_Discount) values (49, 'Electronics', false, '$7.78', 'Legend of 1900, The (a.k.a. The Legend of the Pianist on the Ocean) (Leggenda del pianista sull''oceano)', 24);
insert into Product (Product_ID, Product_Category, Product_Availabilty, Product_price_in$, Product_name, Product_Discount) values (50, 'Men Fashion|Children|Outdoor Living', true, '$2.06', 'Arthur and the Invisibles', 48);
insert into Product (Product_ID, Product_Category, Product_Availabilty, Product_price_in$, Product_name, Product_Discount) values (51, 'Electronics', true, '$8.48', 'Pilgrimage', 28);
insert into Product (Product_ID, Product_Category, Product_Availabilty, Product_price_in$, Product_name, Product_Discount) values (52, 'Men Fashion|Outdoor Living|Outdoor Living', false, '$3.83', '13th Outdoor Livingrior, The', 39);
insert into Product (Product_ID, Product_Category, Product_Availabilty, Product_price_in$, Product_name, Product_Discount) values (53, 'Horror|Outdoor Living', true, '$7.83', 'Alice in Murderland', 7);
insert into Product (Product_ID, Product_Category, Product_Availabilty, Product_price_in$, Product_name, Product_Discount) values (54, 'Pet Supplies|Children', true, '$4.57', 'Tigger Movie, The', 9);
insert into Product (Product_ID, Product_Category, Product_Availabilty, Product_price_in$, Product_name, Product_Discount) values (55, 'Home & Kitchen|Electronics', true, '$3.14', 'Better Housekeeping (a.k.a. Good Housekeeping)', 29);
insert into Product (Product_ID, Product_Category, Product_Availabilty, Product_price_in$, Product_name, Product_Discount) values (56, 'Outdoor Living|Electronics|Computer & Laptops', true, '$2.93', 'Sahara', 21);
insert into Product (Product_ID, Product_Category, Product_Availabilty, Product_price_in$, Product_name, Product_Discount) values (57, 'Horror|Outdoor Living', false, '$6.14', 'Dead of Winter', 17);
insert into Product (Product_ID, Product_Category, Product_Availabilty, Product_price_in$, Product_name, Product_Discount) values (58, 'Home & Kitchen|Electronics', false, '$0.17', 'Schultze Gets the Blues', 17);
insert into Product (Product_ID, Product_Category, Product_Availabilty, Product_price_in$, Product_name, Product_Discount) values (59, 'Electronics|Computer & Laptops|Outdoor Living', false, '$6.92', 'Reunion in France', 6);
insert into Product (Product_ID, Product_Category, Product_Availabilty, Product_price_in$, Product_name, Product_Discount) values (60, 'Electronics', false, '$9.73', 'Siberian Education (Educazione siberiana)', 3);
insert into Product (Product_ID, Product_Category, Product_Availabilty, Product_price_in$, Product_name, Product_Discount) values (61, 'Electronics|Computer & Laptops', false, '$1.20', 'Elvira Madigan', 47);
insert into Product (Product_ID, Product_Category, Product_Availabilty, Product_price_in$, Product_name, Product_Discount) values (62, 'Electronics', true, '$6.14', 'Strip Search', 48);
insert into Product (Product_ID, Product_Category, Product_Availabilty, Product_price_in$, Product_name, Product_Discount) values (63, 'Electronics', true, '$9.80', 'Ghosts of Mississippi', 10);
insert into Product (Product_ID, Product_Category, Product_Availabilty, Product_price_in$, Product_name, Product_Discount) values (64, 'Clothing', false, '$3.76', 'Another Day, Another Time: Celebrating the Music of Inside Llewyn Davis', 34);
insert into Product (Product_ID, Product_Category, Product_Availabilty, Product_price_in$, Product_name, Product_Discount) values (65, 'Clothing', false, '$7.03', 'Mother Dao, the Turtlelike (Moeder Dao, de schildpadgelijkende)', 39);
insert into Product (Product_ID, Product_Category, Product_Availabilty, Product_price_in$, Product_name, Product_Discount) values (66, 'Pet Supplies|Electronics|Outdoor Living', false, '$8.33', 'Lost Thing, The', 15);
insert into Product (Product_ID, Product_Category, Product_Availabilty, Product_price_in$, Product_name, Product_Discount) values (67, 'Pet Supplies|Outdoor Living|Horror|Bicycle', false, '$4.47', 'Vampire Hunter D: Bloodlust (Banpaia hantâ D)', 3);
insert into Product (Product_ID, Product_Category, Product_Availabilty, Product_price_in$, Product_name, Product_Discount) values (68, 'Electronics', true, '$1.03', 'Last Call (Hoogste tijd)', 42);
insert into Product (Product_ID, Product_Category, Product_Availabilty, Product_price_in$, Product_name, Product_Discount) values (69, 'Home & Kitchen|Computer & Laptops', true, '$9.62', 'Easy A', 17);
insert into Product (Product_ID, Product_Category, Product_Availabilty, Product_price_in$, Product_name, Product_Discount) values (70, 'IMAX', false, '$3.98', 'Encounter in the Third Dimension', 36);
insert into Product (Product_ID, Product_Category, Product_Availabilty, Product_price_in$, Product_name, Product_Discount) values (71, 'Baby Products|Electronics|Outdoor Living', false, '$5.47', 'Killing Zoe', 26);
insert into Product (Product_ID, Product_Category, Product_Availabilty, Product_price_in$, Product_name, Product_Discount) values (72, 'Electronics', false, '$0.05', 'Bright Lights, Big City', 12);
insert into Product (Product_ID, Product_Category, Product_Availabilty, Product_price_in$, Product_name, Product_Discount) values (73, 'Men Fashion|Electronics|Computer & Laptops', false, '$3.40', 'King Boxer: Five Fingers of Death (Tian xia di yi quan)', 32);
insert into Product (Product_ID, Product_Category, Product_Availabilty, Product_price_in$, Product_name, Product_Discount) values (74, 'Bicycle|Outdoor Living', true, '$6.33', 'Time After Time', 47);
insert into Product (Product_ID, Product_Category, Product_Availabilty, Product_price_in$, Product_name, Product_Discount) values (75, 'Home & Kitchen|Outdoor Living', false, '$6.88', 'Bedazzled', 25);
insert into Product (Product_ID, Product_Category, Product_Availabilty, Product_price_in$, Product_name, Product_Discount) values (76, 'Electronics', false, '$4.40', 'Iron Island (Jazireh Ahani)', 11);
insert into Product (Product_ID, Product_Category, Product_Availabilty, Product_price_in$, Product_name, Product_Discount) values (77, 'Home & Kitchen|Electronics|Computer & Laptops', true, '$1.91', 'Facts of Life, The', 23);
insert into Product (Product_ID, Product_Category, Product_Availabilty, Product_price_in$, Product_name, Product_Discount) values (78, 'Electronics|Computer & Laptops', false, '$3.81', 'Our Daily Bread', 7);
insert into Product (Product_ID, Product_Category, Product_Availabilty, Product_price_in$, Product_name, Product_Discount) values (79, 'Electronics|Outdoor Living', true, '$2.53', 'Eye for an Eye', 46);
insert into Product (Product_ID, Product_Category, Product_Availabilty, Product_price_in$, Product_name, Product_Discount) values (80, 'Horror|Mystery|Bicycle|Outdoor Living', true, '$4.84', 'Thing, The', 43);
insert into Product (Product_ID, Product_Category, Product_Availabilty, Product_price_in$, Product_name, Product_Discount) values (81, 'Electronics', true, '$7.60', 'Tempest, The', 47);
insert into Product (Product_ID, Product_Category, Product_Availabilty, Product_price_in$, Product_name, Product_Discount) values (82, 'Home & Kitchen|Baby Products|Horror', false, '$1.47', 'How to Be a Serial Killer', 32);
insert into Product (Product_ID, Product_Category, Product_Availabilty, Product_price_in$, Product_name, Product_Discount) values (83, 'Home & Kitchen|Baby Products|Computer & Laptops', false, '$4.13', 'Operation ''Y'' & Other Shurik''s Outdoor Livings', 35);
insert into Product (Product_ID, Product_Category, Product_Availabilty, Product_price_in$, Product_name, Product_Discount) values (84, 'Children|Home & Kitchen', false, '$3.28', 'George of the Jungle', 4);
insert into Product (Product_ID, Product_Category, Product_Availabilty, Product_price_in$, Product_name, Product_Discount) values (85, 'Electronics', false, '$2.90', 'Story of Me, The (O contador de histórias)', 50);
insert into Product (Product_ID, Product_Category, Product_Availabilty, Product_price_in$, Product_name, Product_Discount) values (86, 'Electronics', false, '$7.22', 'Jimi: All Is by My Side', 11);
insert into Product (Product_ID, Product_Category, Product_Availabilty, Product_price_in$, Product_name, Product_Discount) values (87, 'Clothing', false, '$0.45', 'Filthy Gorgeous: The Bob Guccione Story', 40);
insert into Product (Product_ID, Product_Category, Product_Availabilty, Product_price_in$, Product_name, Product_Discount) values (88, 'Pet Supplies|Electronics|Computer & Laptops|Outdoor Living', true, '$3.35', 'Corto Maltese: Under the Sign of Capricorn (Sous le signe du capricorne)', 35);
insert into Product (Product_ID, Product_Category, Product_Availabilty, Product_price_in$, Product_name, Product_Discount) values (89, 'Outdoor Living|Pet Supplies|Electronics|Outdoor Living|Bicycle', true, '$1.36', 'Patema Inverted', 24);
insert into Product (Product_ID, Product_Category, Product_Availabilty, Product_price_in$, Product_name, Product_Discount) values (90, 'Home & Kitchen|Western', false, '$1.49', 'Ballad of Cable Hogue, The', 45);
insert into Product (Product_ID, Product_Category, Product_Availabilty, Product_price_in$, Product_name, Product_Discount) values (91, 'Home & Kitchen|Computer & Laptops', true, '$2.98', 'Gregory''s Girl', 14);
insert into Product (Product_ID, Product_Category, Product_Availabilty, Product_price_in$, Product_name, Product_Discount) values (92, 'Home & Kitchen|Electronics|Outdoor Living', false, '$4.88', 'Girls on the Road (a.k.a. Hot Summer Week)', 43);
insert into Product (Product_ID, Product_Category, Product_Availabilty, Product_price_in$, Product_name, Product_Discount) values (93, 'Home & Kitchen|Baby Products|Electronics', true, '$2.05', 'Cop in Drag', 22);
insert into Product (Product_ID, Product_Category, Product_Availabilty, Product_price_in$, Product_name, Product_Discount) values (94, 'Electronics|Mystery', true, '$7.43', 'Confessional, The (Confessionnal, Le)', 15);
insert into Product (Product_ID, Product_Category, Product_Availabilty, Product_price_in$, Product_name, Product_Discount) values (95, 'Home & Kitchen|Baby Products|Horror|Mystery|Outdoor Living', true, '$0.18', 'Charlie Chan''s Secret', 40);
insert into Product (Product_ID, Product_Category, Product_Availabilty, Product_price_in$, Product_name, Product_Discount) values (96, 'Electronics|Outdoor Living', true, '$8.68', 'Lincoln', 11);
insert into Product (Product_ID, Product_Category, Product_Availabilty, Product_price_in$, Product_name, Product_Discount) values (97, 'Home & Kitchen|Baby Products|Electronics', true, '$6.17', 'Harry in Your Pocket', 12);
insert into Product (Product_ID, Product_Category, Product_Availabilty, Product_price_in$, Product_name, Product_Discount) values (98, 'Baby Products|Electronics|Film-Noir', true, '$1.29', 'The Thief', 4);
insert into Product (Product_ID, Product_Category, Product_Availabilty, Product_price_in$, Product_name, Product_Discount) values (99, 'Electronics', true, '$5.58', 'Hands Over the City (Le mani sulla città)', 22);
insert into Product (Product_ID, Product_Category, Product_Availabilty, Product_price_in$, Product_name, Product_Discount) values (100, 'Clothing', false, '$4.10', 'Plutonium Circus', 48);


insert into Delivery_person (Delivery_person_ID, FirstName, LastName, DOB, Age, Gender, Address, Phone) values (1, 'Rollin', 'McBoyle', '2022-04-21', 16, 'Male', '41517 Debra Center', '7927529577');
insert into Delivery_person (Delivery_person_ID, FirstName, LastName, DOB, Age, Gender, Address, Phone) values (2, 'Katherina', 'Darey', '2022-07-06', 3, 'Non-binary', '32076 Golf Course Plaza', '3745678178');
insert into Delivery_person (Delivery_person_ID, FirstName, LastName, DOB, Age, Gender, Address, Phone) values (3, 'Fleurette', 'Dies', '2022-02-26', 88, 'Female', '4 Mayer Way', '3484477119');
insert into Delivery_person (Delivery_person_ID, FirstName, LastName, DOB, Age, Gender, Address, Phone) values (4, 'Honoria', 'Sleet', '2022-03-02', 28, 'Female', '2 Bashford Point', '8093325127');
insert into Delivery_person (Delivery_person_ID, FirstName, LastName, DOB, Age, Gender, Address, Phone) values (5, 'Jourdain', 'Yair', '2022-07-16', 10, 'Male', '25267 Nevada Park', '7029960491');
insert into Delivery_person (Delivery_person_ID, FirstName, LastName, DOB, Age, Gender, Address, Phone) values (6, 'Titos', 'Carrabott', '2023-01-05', 88, 'Polygender', '89655 Fordem Street', '9057803773');
insert into Delivery_person (Delivery_person_ID, FirstName, LastName, DOB, Age, Gender, Address, Phone) values (7, 'Ginger', 'Munnis', '2022-07-02', 56, 'Female', '414 Northport Junction', '5275933875');
insert into Delivery_person (Delivery_person_ID, FirstName, LastName, DOB, Age, Gender, Address, Phone) values (8, 'Fleur', 'Teaser', '2022-03-19', 21, 'Female', '6 Swallow Road', '9166049470');
insert into Delivery_person (Delivery_person_ID, FirstName, LastName, DOB, Age, Gender, Address, Phone) values (9, 'Gerri', 'Ratcliffe', '2023-01-18', 88, 'Male', '36 Westerfield Trail', '9882882423');
insert into Delivery_person (Delivery_person_ID, FirstName, LastName, DOB, Age, Gender, Address, Phone) values (10, 'Estrella', 'Kelsow', '2022-11-15', 16, 'Female', '39 Gina Trail', '6208862299');
insert into Delivery_person (Delivery_person_ID, FirstName, LastName, DOB, Age, Gender, Address, Phone) values (11, 'Prince', 'Coye', '2022-05-26', 65, 'Male', '6300 Sunfield Hill', '4847892512');
insert into Delivery_person (Delivery_person_ID, FirstName, LastName, DOB, Age, Gender, Address, Phone) values (12, 'Tadio', 'Brownsea', '2023-01-30', 18, 'Male', '6 Pleasure Place', '1831461124');
insert into Delivery_person (Delivery_person_ID, FirstName, LastName, DOB, Age, Gender, Address, Phone) values (13, 'Winfred', 'Garett', '2023-02-02', 30, 'Male', '9291 Aberg Hill', '4806986183');
insert into Delivery_person (Delivery_person_ID, FirstName, LastName, DOB, Age, Gender, Address, Phone) values (14, 'Luci', 'Haitlie', '2022-07-06', 84, 'Female', '2436 Trailsway Court', '9158737625');
insert into Delivery_person (Delivery_person_ID, FirstName, LastName, DOB, Age, Gender, Address, Phone) values (15, 'Abie', 'Smullin', '2022-03-06', 67, 'Male', '02 Ridgeview Avenue', '8887379973');
insert into Delivery_person (Delivery_person_ID, FirstName, LastName, DOB, Age, Gender, Address, Phone) values (16, 'Kendricks', 'Delicate', '2022-05-30', 32, 'Male', '49 Mallory Circle', '1116834993');
insert into Delivery_person (Delivery_person_ID, FirstName, LastName, DOB, Age, Gender, Address, Phone) values (17, 'Mattie', 'Hudd', '2022-06-26', 19, 'Male', '1 Evergreen Way', '7199482191');
insert into Delivery_person (Delivery_person_ID, FirstName, LastName, DOB, Age, Gender, Address, Phone) values (18, 'Nertie', 'Rawdall', '2022-11-21', 21, 'Female', '8477 Anthes Way', '2081709599');
insert into Delivery_person (Delivery_person_ID, FirstName, LastName, DOB, Age, Gender, Address, Phone) values (19, 'Aurel', 'McVeigh', '2022-03-01', 54, 'Female', '247 Arkansas Alley', '2495952093');
insert into Delivery_person (Delivery_person_ID, FirstName, LastName, DOB, Age, Gender, Address, Phone) values (20, 'Jo-anne', 'Quilligan', '2022-03-28', 90, 'Female', '09 Talmadge Junction', '3225875894');
insert into Delivery_person (Delivery_person_ID, FirstName, LastName, DOB, Age, Gender, Address, Phone) values (21, 'Martainn', 'Windham', '2022-10-05', 31, 'Male', '2862 Oakridge Circle', '3771006839');
insert into Delivery_person (Delivery_person_ID, FirstName, LastName, DOB, Age, Gender, Address, Phone) values (22, 'Donica', 'MacWhirter', '2022-11-10', 31, 'Female', '91845 Chinook Place', '5316391666');
insert into Delivery_person (Delivery_person_ID, FirstName, LastName, DOB, Age, Gender, Address, Phone) values (23, 'Odetta', 'Feehily', '2022-07-04', 89, 'Female', '948 Golden Leaf Place', '6762923067');
insert into Delivery_person (Delivery_person_ID, FirstName, LastName, DOB, Age, Gender, Address, Phone) values (24, 'Shelley', 'MacKean', '2023-01-05', 39, 'Polygender', '1911 Dottie Road', '7732453414');
insert into Delivery_person (Delivery_person_ID, FirstName, LastName, DOB, Age, Gender, Address, Phone) values (25, 'Kimberley', 'Bandiera', '2022-07-13', 82, 'Female', '3241 Rieder Parkway', '1974636383');
insert into Delivery_person (Delivery_person_ID, FirstName, LastName, DOB, Age, Gender, Address, Phone) values (26, 'Sondra', 'Jackways', '2022-06-04', 54, 'Genderfluid', '6147 Almo Drive', '3058650590');
insert into Delivery_person (Delivery_person_ID, FirstName, LastName, DOB, Age, Gender, Address, Phone) values (27, 'Iago', 'Beddon', '2022-04-03', 26, 'Male', '9 Crownhardt Way', '7748454975');
insert into Delivery_person (Delivery_person_ID, FirstName, LastName, DOB, Age, Gender, Address, Phone) values (28, 'Vitia', 'Le Port', '2022-12-05', 43, 'Female', '85 Kings Circle', '6272026378');
insert into Delivery_person (Delivery_person_ID, FirstName, LastName, DOB, Age, Gender, Address, Phone) values (29, 'Stirling', 'Dunbleton', '2022-08-13', 77, 'Male', '715 Loftsgordon Junction', '6288753145');
insert into Delivery_person (Delivery_person_ID, FirstName, LastName, DOB, Age, Gender, Address, Phone) values (30, 'Nanon', 'Loren', '2022-07-21', 94, 'Female', '18 Mosinee Park', '3656004089');
insert into Delivery_person (Delivery_person_ID, FirstName, LastName, DOB, Age, Gender, Address, Phone) values (31, 'Des', 'Mannakee', '2022-04-20', 10, 'Male', '5983 American Ash Drive', '8852539123');
insert into Delivery_person (Delivery_person_ID, FirstName, LastName, DOB, Age, Gender, Address, Phone) values (32, 'Vale', 'Fergie', '2022-06-13', 41, 'Male', '5 Linden Pass', '9287831886');
insert into Delivery_person (Delivery_person_ID, FirstName, LastName, DOB, Age, Gender, Address, Phone) values (33, 'Inness', 'Buckthorpe', '2022-10-31', 23, 'Male', '52215 Waxwing Park', '5312992182');
insert into Delivery_person (Delivery_person_ID, FirstName, LastName, DOB, Age, Gender, Address, Phone) values (34, 'Klaus', 'Abella', '2023-02-03', 33, 'Male', '870 Anzinger Trail', '6154084809');
insert into Delivery_person (Delivery_person_ID, FirstName, LastName, DOB, Age, Gender, Address, Phone) values (35, 'Roddie', 'Pedwell', '2022-07-29', 21, 'Male', '0 Waubesa Park', '9225990090');
insert into Delivery_person (Delivery_person_ID, FirstName, LastName, DOB, Age, Gender, Address, Phone) values (36, 'Cordy', 'Racher', '2022-08-18', 69, 'Female', '58 Sycamore Circle', '3723516597');
insert into Delivery_person (Delivery_person_ID, FirstName, LastName, DOB, Age, Gender, Address, Phone) values (37, 'Nevin', 'Barth', '2022-06-24', 64, 'Male', '92787 Hooker Parkway', '5044828531');
insert into Delivery_person (Delivery_person_ID, FirstName, LastName, DOB, Age, Gender, Address, Phone) values (38, 'Caressa', 'Robberts', '2022-07-27', 47, 'Female', '4 Thierer Way', '2775200154');
insert into Delivery_person (Delivery_person_ID, FirstName, LastName, DOB, Age, Gender, Address, Phone) values (39, 'Kenneth', 'Showers', '2022-03-19', 91, 'Male', '4712 Florence Circle', '6818383478');
insert into Delivery_person (Delivery_person_ID, FirstName, LastName, DOB, Age, Gender, Address, Phone) values (40, 'Mada', 'Gierke', '2022-11-21', 28, 'Female', '9072 Kropf Pass', '6401777591');
insert into Delivery_person (Delivery_person_ID, FirstName, LastName, DOB, Age, Gender, Address, Phone) values (41, 'Conrad', 'Matlock', '2022-03-31', 53, 'Bigender', '987 Artisan Way', '4782303855');
insert into Delivery_person (Delivery_person_ID, FirstName, LastName, DOB, Age, Gender, Address, Phone) values (42, 'Richie', 'Tregonna', '2022-05-05', 61, 'Male', '2784 Sullivan Circle', '6932659023');
insert into Delivery_person (Delivery_person_ID, FirstName, LastName, DOB, Age, Gender, Address, Phone) values (43, 'Luce', 'Fowlie', '2022-03-20', 51, 'Male', '4 Oxford Place', '3667977296');
insert into Delivery_person (Delivery_person_ID, FirstName, LastName, DOB, Age, Gender, Address, Phone) values (44, 'Paulie', 'Shurrocks', '2022-09-10', 67, 'Male', '66450 Melby Trail', '2573416029');
insert into Delivery_person (Delivery_person_ID, FirstName, LastName, DOB, Age, Gender, Address, Phone) values (45, 'Richart', 'Rubinsohn', '2022-08-25', 46, 'Male', '65580 Hauk Alley', '2665286517');
insert into Delivery_person (Delivery_person_ID, FirstName, LastName, DOB, Age, Gender, Address, Phone) values (46, 'Chandal', 'Sautter', '2022-03-27', 59, 'Female', '270 Fremont Lane', '8659588847');
insert into Delivery_person (Delivery_person_ID, FirstName, LastName, DOB, Age, Gender, Address, Phone) values (47, 'Jerrie', 'Snary', '2022-03-06', 47, 'Polygender', '8 Carey Junction', '3591670634');
insert into Delivery_person (Delivery_person_ID, FirstName, LastName, DOB, Age, Gender, Address, Phone) values (48, 'Loleta', 'Hauxley', '2022-12-03', 86, 'Female', '242 Moland Circle', '5714911302');
insert into Delivery_person (Delivery_person_ID, FirstName, LastName, DOB, Age, Gender, Address, Phone) values (49, 'Estrella', 'Yezafovich', '2022-07-16', 31, 'Female', '2 Anderson Trail', '2044825432');
insert into Delivery_person (Delivery_person_ID, FirstName, LastName, DOB, Age, Gender, Address, Phone) values (50, 'Barde', 'Chaytor', '2022-09-12', 12, 'Male', '1266 Jana Hill', '2628039674');
insert into Delivery_person (Delivery_person_ID, FirstName, LastName, DOB, Age, Gender, Address, Phone) values (51, 'Cindi', 'Critzen', '2023-01-26', 20, 'Female', '01020 Glendale Trail', '6137294400');
insert into Delivery_person (Delivery_person_ID, FirstName, LastName, DOB, Age, Gender, Address, Phone) values (52, 'Kincaid', 'Vasnev', '2022-03-04', 65, 'Male', '22 Commercial Drive', '4386272816');
insert into Delivery_person (Delivery_person_ID, FirstName, LastName, DOB, Age, Gender, Address, Phone) values (53, 'Maren', 'MacBey', '2022-10-21', 38, 'Female', '666 Carey Circle', '6505530940');
insert into Delivery_person (Delivery_person_ID, FirstName, LastName, DOB, Age, Gender, Address, Phone) values (54, 'Ermanno', 'Paolillo', '2022-12-12', 73, 'Male', '4053 Monterey Pass', '7274628592');
insert into Delivery_person (Delivery_person_ID, FirstName, LastName, DOB, Age, Gender, Address, Phone) values (55, 'Danni', 'Teesdale', '2022-11-25', 92, 'Female', '90206 Farwell Alley', '7978504250');
insert into Delivery_person (Delivery_person_ID, FirstName, LastName, DOB, Age, Gender, Address, Phone) values (56, 'Elisabet', 'Smylie', '2022-06-22', 75, 'Female', '80 Eagle Crest Pass', '6206555005');
insert into Delivery_person (Delivery_person_ID, FirstName, LastName, DOB, Age, Gender, Address, Phone) values (57, 'Doloritas', 'Jirus', '2022-12-25', 14, 'Female', '57 Mccormick Drive', '1876455637');
insert into Delivery_person (Delivery_person_ID, FirstName, LastName, DOB, Age, Gender, Address, Phone) values (58, 'Sissie', 'Krysztofiak', '2022-09-12', 8, 'Female', '17742 Center Alley', '1229307216');
insert into Delivery_person (Delivery_person_ID, FirstName, LastName, DOB, Age, Gender, Address, Phone) values (59, 'Cassie', 'Speares', '2022-03-24', 8, 'Male', '3 Hayes Park', '3433212040');
insert into Delivery_person (Delivery_person_ID, FirstName, LastName, DOB, Age, Gender, Address, Phone) values (60, 'Johnath', 'Haversum', '2022-06-21', 27, 'Female', '35 Summerview Terrace', '3845889045');
insert into Delivery_person (Delivery_person_ID, FirstName, LastName, DOB, Age, Gender, Address, Phone) values (61, 'Aubrey', 'Bugler', '2022-10-10', 26, 'Male', '2508 Hanson Lane', '8311026850');
insert into Delivery_person (Delivery_person_ID, FirstName, LastName, DOB, Age, Gender, Address, Phone) values (62, 'Cordie', 'Filoniere', '2023-02-05', 49, 'Female', '4 Becker Crossing', '1026281867');
insert into Delivery_person (Delivery_person_ID, FirstName, LastName, DOB, Age, Gender, Address, Phone) values (63, 'Pall', 'Wale', '2022-03-08', 80, 'Male', '9776 Dayton Terrace', '4011847271');
insert into Delivery_person (Delivery_person_ID, FirstName, LastName, DOB, Age, Gender, Address, Phone) values (64, 'Kennie', 'Olyfat', '2022-08-05', 92, 'Male', '45684 Maple Junction', '2208054430');
insert into Delivery_person (Delivery_person_ID, FirstName, LastName, DOB, Age, Gender, Address, Phone) values (65, 'Anthony', 'Cattel', '2022-04-11', 30, 'Male', '50873 Vahlen Way', '6166074490');
insert into Delivery_person (Delivery_person_ID, FirstName, LastName, DOB, Age, Gender, Address, Phone) values (66, 'Dene', 'Livermore', '2023-01-01', 66, 'Male', '77 Brown Way', '5227400694');
insert into Delivery_person (Delivery_person_ID, FirstName, LastName, DOB, Age, Gender, Address, Phone) values (67, 'Yasmin', 'Biasotti', '2022-12-21', 32, 'Genderfluid', '34 Lyons Court', '4353323133');
insert into Delivery_person (Delivery_person_ID, FirstName, LastName, DOB, Age, Gender, Address, Phone) values (68, 'Cosetta', 'Robbeke', '2022-02-10', 4, 'Female', '298 Bluejay Alley', '3909665130');
insert into Delivery_person (Delivery_person_ID, FirstName, LastName, DOB, Age, Gender, Address, Phone) values (69, 'Nappy', 'Donaghie', '2022-03-06', 86, 'Male', '69006 Thackeray Plaza', '9273436223');
insert into Delivery_person (Delivery_person_ID, FirstName, LastName, DOB, Age, Gender, Address, Phone) values (70, 'Osborne', 'Seater', '2023-01-04', 36, 'Male', '4718 Waubesa Way', '2393370936');
insert into Delivery_person (Delivery_person_ID, FirstName, LastName, DOB, Age, Gender, Address, Phone) values (71, 'Vaclav', 'Burnham', '2022-12-15', 88, 'Male', '281 Elmside Pass', '5945604459');
insert into Delivery_person (Delivery_person_ID, FirstName, LastName, DOB, Age, Gender, Address, Phone) values (72, 'Padraic', 'Grasha', '2022-11-26', 45, 'Genderqueer', '182 Southridge Road', '3127513454');
insert into Delivery_person (Delivery_person_ID, FirstName, LastName, DOB, Age, Gender, Address, Phone) values (73, 'Alex', 'Whicher', '2022-08-04', 61, 'Male', '76632 Badeau Park', '3512178551');
insert into Delivery_person (Delivery_person_ID, FirstName, LastName, DOB, Age, Gender, Address, Phone) values (74, 'Gal', 'Mattinson', '2022-10-10', 28, 'Male', '690 Montana Hill', '6856153137');
insert into Delivery_person (Delivery_person_ID, FirstName, LastName, DOB, Age, Gender, Address, Phone) values (75, 'Elfrida', 'Minards', '2022-09-02', 49, 'Female', '30 Orin Way', '6843395807');
insert into Delivery_person (Delivery_person_ID, FirstName, LastName, DOB, Age, Gender, Address, Phone) values (76, 'Serena', 'Groger', '2023-01-25', 6, 'Female', '54747 Mandrake Way', '4999312399');
insert into Delivery_person (Delivery_person_ID, FirstName, LastName, DOB, Age, Gender, Address, Phone) values (77, 'Wanids', 'Danilishin', '2022-04-30', 31, 'Female', '7432 Arrowood Road', '6727253776');
insert into Delivery_person (Delivery_person_ID, FirstName, LastName, DOB, Age, Gender, Address, Phone) values (78, 'Delphinia', 'Jobbins', '2022-03-13', 67, 'Female', '720 Bunting Park', '1756303492');
insert into Delivery_person (Delivery_person_ID, FirstName, LastName, DOB, Age, Gender, Address, Phone) values (79, 'Arty', 'Faulconbridge', '2022-09-18', 17, 'Male', '6521 Larry Alley', '3502297710');
insert into Delivery_person (Delivery_person_ID, FirstName, LastName, DOB, Age, Gender, Address, Phone) values (80, 'Rosaleen', 'Messer', '2022-12-14', 97, 'Female', '447 Sachtjen Alley', '3701996701');
insert into Delivery_person (Delivery_person_ID, FirstName, LastName, DOB, Age, Gender, Address, Phone) values (81, 'Nadiya', 'Bilbee', '2022-03-01', 70, 'Female', '20 Hansons Street', '2759218121');
insert into Delivery_person (Delivery_person_ID, FirstName, LastName, DOB, Age, Gender, Address, Phone) values (82, 'Mohammed', 'Millions', '2022-10-07', 5, 'Male', '2 Monterey Drive', '7904006490');
insert into Delivery_person (Delivery_person_ID, FirstName, LastName, DOB, Age, Gender, Address, Phone) values (83, 'Sande', 'Handsheart', '2022-07-30', 39, 'Female', '933 Northfield Road', '1394136972');
insert into Delivery_person (Delivery_person_ID, FirstName, LastName, DOB, Age, Gender, Address, Phone) values (84, 'Cam', 'Kelsow', '2022-04-19', 56, 'Male', '88699 David Drive', '7054499716');
insert into Delivery_person (Delivery_person_ID, FirstName, LastName, DOB, Age, Gender, Address, Phone) values (85, 'Gianna', 'Gravy', '2022-04-09', 31, 'Genderfluid', '148 Walton Avenue', '1972333921');
insert into Delivery_person (Delivery_person_ID, FirstName, LastName, DOB, Age, Gender, Address, Phone) values (86, 'Carter', 'Tithacott', '2022-10-01', 1, 'Male', '351 Elka Trail', '9196907829');
insert into Delivery_person (Delivery_person_ID, FirstName, LastName, DOB, Age, Gender, Address, Phone) values (87, 'Susette', 'Dran', '2022-06-10', 18, 'Female', '4850 Orin Parkway', '4122076493');
insert into Delivery_person (Delivery_person_ID, FirstName, LastName, DOB, Age, Gender, Address, Phone) values (88, 'Kele', 'Strathearn', '2022-11-14', 47, 'Male', '3 Schlimgen Junction', '7122962021');
insert into Delivery_person (Delivery_person_ID, FirstName, LastName, DOB, Age, Gender, Address, Phone) values (89, 'Trumann', 'Braisted', '2022-07-26', 45, 'Male', '58266 Arizona Park', '8142084783');
insert into Delivery_person (Delivery_person_ID, FirstName, LastName, DOB, Age, Gender, Address, Phone) values (90, 'Libbi', 'Kingzeth', '2022-08-16', 32, 'Female', '2 Hazelcrest Circle', '8866680706');
insert into Delivery_person (Delivery_person_ID, FirstName, LastName, DOB, Age, Gender, Address, Phone) values (91, 'Joly', 'Burgh', '2023-02-03', 68, 'Female', '8 Delaware Court', '9009982754');
insert into Delivery_person (Delivery_person_ID, FirstName, LastName, DOB, Age, Gender, Address, Phone) values (92, 'Ginni', 'Pinwell', '2022-08-05', 9, 'Female', '36465 Elka Drive', '8116048581');
insert into Delivery_person (Delivery_person_ID, FirstName, LastName, DOB, Age, Gender, Address, Phone) values (93, 'Odey', 'Halliwell', '2022-09-08', 93, 'Male', '84 Farragut Hill', '5934296675');
insert into Delivery_person (Delivery_person_ID, FirstName, LastName, DOB, Age, Gender, Address, Phone) values (94, 'Wallis', 'Artus', '2022-08-21', 57, 'Genderfluid', '24564 3rd Circle', '4555702732');
insert into Delivery_person (Delivery_person_ID, FirstName, LastName, DOB, Age, Gender, Address, Phone) values (95, 'Durward', 'Haldene', '2022-05-02', 46, 'Male', '93 Monica Street', '6686663370');
insert into Delivery_person (Delivery_person_ID, FirstName, LastName, DOB, Age, Gender, Address, Phone) values (96, 'Shani', 'MacAllester', '2022-12-19', 18, 'Female', '4353 Melby Drive', '8621517735');
insert into Delivery_person (Delivery_person_ID, FirstName, LastName, DOB, Age, Gender, Address, Phone) values (97, 'Jan', 'Rigolle', '2023-01-23', 80, 'Male', '4957 Rowland Street', '2734771732');
insert into Delivery_person (Delivery_person_ID, FirstName, LastName, DOB, Age, Gender, Address, Phone) values (98, 'Mathias', 'Koubu', '2022-07-11', 82, 'Male', '6807 Holmberg Hill', '7983439118');
insert into Delivery_person (Delivery_person_ID, FirstName, LastName, DOB, Age, Gender, Address, Phone) values (99, 'Mikkel', 'Sherwyn', '2022-05-12', 42, 'Male', '94622 Golf View Plaza', '4445675891');
insert into Delivery_person (Delivery_person_ID, FirstName, LastName, DOB, Age, Gender, Address, Phone) values (100, 'Eachelle', 'Hehnke', '2022-07-31', 21, 'Female', '786 Coleman Center', '1025175342');


insert into Final_order (Order_ID, Order_Product_ID, Total_Charges, Ordered_date) values (1, 46, '$8.16', '2022-08-10');
insert into Final_order (Order_ID, Order_Product_ID, Total_Charges, Ordered_date) values (2, 10, '$18.78', '2022-07-07');
insert into Final_order (Order_ID, Order_Product_ID, Total_Charges, Ordered_date) values (3, 27, '$20.64', '2022-06-15');
insert into Final_order (Order_ID, Order_Product_ID, Total_Charges, Ordered_date) values (4, 22, '$82.73', '2022-06-23');
insert into Final_order (Order_ID, Order_Product_ID, Total_Charges, Ordered_date) values (5, 2, '$31.97', '2022-08-18');
insert into Final_order (Order_ID, Order_Product_ID, Total_Charges, Ordered_date) values (6, 93, '$43.00', '2022-09-07');
insert into Final_order (Order_ID, Order_Product_ID, Total_Charges, Ordered_date) values (7, 50, '$63.78', '2022-07-27');
insert into Final_order (Order_ID, Order_Product_ID, Total_Charges, Ordered_date) values (8, 77, '$52.76', '2022-08-28');
insert into Final_order (Order_ID, Order_Product_ID, Total_Charges, Ordered_date) values (9, 8, '$90.61', '2022-04-13');
insert into Final_order (Order_ID, Order_Product_ID, Total_Charges, Ordered_date) values (10, 85, '$22.16', '2022-11-29');
insert into Final_order (Order_ID, Order_Product_ID, Total_Charges, Ordered_date) values (11, 18, '$81.12', '2022-10-17');
insert into Final_order (Order_ID, Order_Product_ID, Total_Charges, Ordered_date) values (12, 34, '$90.01', '2022-05-11');
insert into Final_order (Order_ID, Order_Product_ID, Total_Charges, Ordered_date) values (13, 97, '$21.71', '2022-07-30');
insert into Final_order (Order_ID, Order_Product_ID, Total_Charges, Ordered_date) values (14, 3, '$44.98', '2022-07-05');
insert into Final_order (Order_ID, Order_Product_ID, Total_Charges, Ordered_date) values (15, 22, '$10.45', '2022-06-12');
insert into Final_order (Order_ID, Order_Product_ID, Total_Charges, Ordered_date) values (16, 100, '$36.10', '2022-06-14');
insert into Final_order (Order_ID, Order_Product_ID, Total_Charges, Ordered_date) values (17, 24, '$4.95', '2022-04-20');
insert into Final_order (Order_ID, Order_Product_ID, Total_Charges, Ordered_date) values (18, 89, '$25.76', '2022-12-13');
insert into Final_order (Order_ID, Order_Product_ID, Total_Charges, Ordered_date) values (19, 94, '$46.72', '2022-07-03');
insert into Final_order (Order_ID, Order_Product_ID, Total_Charges, Ordered_date) values (20, 64, '$28.57', '2022-08-16');
insert into Final_order (Order_ID, Order_Product_ID, Total_Charges, Ordered_date) values (21, 43, '$52.02', '2022-12-24');
insert into Final_order (Order_ID, Order_Product_ID, Total_Charges, Ordered_date) values (22, 36, '$71.57', '2022-11-21');
insert into Final_order (Order_ID, Order_Product_ID, Total_Charges, Ordered_date) values (23, 26, '$50.81', '2022-04-26');
insert into Final_order (Order_ID, Order_Product_ID, Total_Charges, Ordered_date) values (24, 52, '$25.05', '2022-11-15');
insert into Final_order (Order_ID, Order_Product_ID, Total_Charges, Ordered_date) values (25, 45, '$78.77', '2022-12-28');
insert into Final_order (Order_ID, Order_Product_ID, Total_Charges, Ordered_date) values (26, 23, '$48.89', '2022-12-15');
insert into Final_order (Order_ID, Order_Product_ID, Total_Charges, Ordered_date) values (27, 84, '$37.81', '2022-08-09');
insert into Final_order (Order_ID, Order_Product_ID, Total_Charges, Ordered_date) values (28, 99, '$11.22', '2023-01-15');
insert into Final_order (Order_ID, Order_Product_ID, Total_Charges, Ordered_date) values (29, 57, '$18.31', '2022-05-18');
insert into Final_order (Order_ID, Order_Product_ID, Total_Charges, Ordered_date) values (30, 67, '$20.92', '2022-10-31');
insert into Final_order (Order_ID, Order_Product_ID, Total_Charges, Ordered_date) values (31, 9, '$44.74', '2022-06-27');
insert into Final_order (Order_ID, Order_Product_ID, Total_Charges, Ordered_date) values (32, 88, '$31.13', '2022-03-18');
insert into Final_order (Order_ID, Order_Product_ID, Total_Charges, Ordered_date) values (33, 12, '$71.81', '2022-11-14');
insert into Final_order (Order_ID, Order_Product_ID, Total_Charges, Ordered_date) values (34, 37, '$22.81', '2022-11-21');
insert into Final_order (Order_ID, Order_Product_ID, Total_Charges, Ordered_date) values (35, 75, '$24.31', '2022-12-28');
insert into Final_order (Order_ID, Order_Product_ID, Total_Charges, Ordered_date) values (36, 65, '$37.37', '2022-05-16');
insert into Final_order (Order_ID, Order_Product_ID, Total_Charges, Ordered_date) values (37, 48, '$65.62', '2022-12-19');
insert into Final_order (Order_ID, Order_Product_ID, Total_Charges, Ordered_date) values (38, 56, '$92.85', '2022-11-13');
insert into Final_order (Order_ID, Order_Product_ID, Total_Charges, Ordered_date) values (39, 98, '$85.33', '2022-12-15');
insert into Final_order (Order_ID, Order_Product_ID, Total_Charges, Ordered_date) values (40, 95, '$32.69', '2022-09-27');
insert into Final_order (Order_ID, Order_Product_ID, Total_Charges, Ordered_date) values (41, 93, '$81.02', '2022-05-30');
insert into Final_order (Order_ID, Order_Product_ID, Total_Charges, Ordered_date) values (42, 98, '$5.97', '2022-04-30');
insert into Final_order (Order_ID, Order_Product_ID, Total_Charges, Ordered_date) values (43, 59, '$52.39', '2022-05-30');
insert into Final_order (Order_ID, Order_Product_ID, Total_Charges, Ordered_date) values (44, 38, '$67.94', '2022-04-01');
insert into Final_order (Order_ID, Order_Product_ID, Total_Charges, Ordered_date) values (45, 59, '$89.97', '2022-04-26');
insert into Final_order (Order_ID, Order_Product_ID, Total_Charges, Ordered_date) values (46, 29, '$65.18', '2022-02-10');
insert into Final_order (Order_ID, Order_Product_ID, Total_Charges, Ordered_date) values (47, 61, '$46.53', '2022-10-04');
insert into Final_order (Order_ID, Order_Product_ID, Total_Charges, Ordered_date) values (48, 98, '$34.76', '2022-02-25');
insert into Final_order (Order_ID, Order_Product_ID, Total_Charges, Ordered_date) values (49, 37, '$83.63', '2022-05-24');
insert into Final_order (Order_ID, Order_Product_ID, Total_Charges, Ordered_date) values (50, 40, '$27.96', '2023-01-09');
insert into Final_order (Order_ID, Order_Product_ID, Total_Charges, Ordered_date) values (51, 62, '$3.67', '2022-09-27');
insert into Final_order (Order_ID, Order_Product_ID, Total_Charges, Ordered_date) values (52, 89, '$57.58', '2022-04-22');
insert into Final_order (Order_ID, Order_Product_ID, Total_Charges, Ordered_date) values (53, 16, '$92.99', '2022-09-13');
insert into Final_order (Order_ID, Order_Product_ID, Total_Charges, Ordered_date) values (54, 60, '$60.59', '2022-04-02');
insert into Final_order (Order_ID, Order_Product_ID, Total_Charges, Ordered_date) values (55, 23, '$88.74', '2022-08-28');
insert into Final_order (Order_ID, Order_Product_ID, Total_Charges, Ordered_date) values (56, 65, '$22.68', '2022-04-15');
insert into Final_order (Order_ID, Order_Product_ID, Total_Charges, Ordered_date) values (57, 17, '$49.53', '2022-09-13');
insert into Final_order (Order_ID, Order_Product_ID, Total_Charges, Ordered_date) values (58, 31, '$29.12', '2022-03-17');
insert into Final_order (Order_ID, Order_Product_ID, Total_Charges, Ordered_date) values (59, 84, '$75.43', '2022-06-09');
insert into Final_order (Order_ID, Order_Product_ID, Total_Charges, Ordered_date) values (60, 65, '$3.17', '2022-07-31');
insert into Final_order (Order_ID, Order_Product_ID, Total_Charges, Ordered_date) values (61, 82, '$14.85', '2022-07-20');
insert into Final_order (Order_ID, Order_Product_ID, Total_Charges, Ordered_date) values (62, 62, '$92.95', '2022-08-09');
insert into Final_order (Order_ID, Order_Product_ID, Total_Charges, Ordered_date) values (63, 47, '$28.43', '2022-08-06');
insert into Final_order (Order_ID, Order_Product_ID, Total_Charges, Ordered_date) values (64, 85, '$1.96', '2023-02-03');
insert into Final_order (Order_ID, Order_Product_ID, Total_Charges, Ordered_date) values (65, 24, '$76.68', '2022-08-11');
insert into Final_order (Order_ID, Order_Product_ID, Total_Charges, Ordered_date) values (66, 73, '$64.59', '2022-05-10');
insert into Final_order (Order_ID, Order_Product_ID, Total_Charges, Ordered_date) values (67, 25, '$89.84', '2022-07-14');
insert into Final_order (Order_ID, Order_Product_ID, Total_Charges, Ordered_date) values (68, 95, '$8.88', '2022-06-09');
insert into Final_order (Order_ID, Order_Product_ID, Total_Charges, Ordered_date) values (69, 63, '$19.76', '2022-10-03');
insert into Final_order (Order_ID, Order_Product_ID, Total_Charges, Ordered_date) values (70, 14, '$82.58', '2022-03-16');
insert into Final_order (Order_ID, Order_Product_ID, Total_Charges, Ordered_date) values (71, 28, '$14.93', '2022-09-22');
insert into Final_order (Order_ID, Order_Product_ID, Total_Charges, Ordered_date) values (72, 17, '$72.33', '2022-10-01');
insert into Final_order (Order_ID, Order_Product_ID, Total_Charges, Ordered_date) values (73, 72, '$90.01', '2022-06-12');
insert into Final_order (Order_ID, Order_Product_ID, Total_Charges, Ordered_date) values (74, 27, '$29.80', '2023-02-09');
insert into Final_order (Order_ID, Order_Product_ID, Total_Charges, Ordered_date) values (75, 92, '$48.53', '2022-05-03');
insert into Final_order (Order_ID, Order_Product_ID, Total_Charges, Ordered_date) values (76, 61, '$56.80', '2022-06-10');
insert into Final_order (Order_ID, Order_Product_ID, Total_Charges, Ordered_date) values (77, 20, '$33.79', '2022-12-23');
insert into Final_order (Order_ID, Order_Product_ID, Total_Charges, Ordered_date) values (78, 27, '$46.81', '2022-08-28');
insert into Final_order (Order_ID, Order_Product_ID, Total_Charges, Ordered_date) values (79, 31, '$39.18', '2022-10-23');
insert into Final_order (Order_ID, Order_Product_ID, Total_Charges, Ordered_date) values (80, 83, '$52.95', '2022-08-13');
insert into Final_order (Order_ID, Order_Product_ID, Total_Charges, Ordered_date) values (81, 10, '$41.70', '2022-03-04');
insert into Final_order (Order_ID, Order_Product_ID, Total_Charges, Ordered_date) values (82, 83, '$19.74', '2022-07-26');
insert into Final_order (Order_ID, Order_Product_ID, Total_Charges, Ordered_date) values (83, 51, '$50.86', '2022-11-13');
insert into Final_order (Order_ID, Order_Product_ID, Total_Charges, Ordered_date) values (84, 55, '$31.56', '2022-06-07');
insert into Final_order (Order_ID, Order_Product_ID, Total_Charges, Ordered_date) values (85, 98, '$17.01', '2023-01-22');
insert into Final_order (Order_ID, Order_Product_ID, Total_Charges, Ordered_date) values (86, 51, '$49.07', '2022-12-16');
insert into Final_order (Order_ID, Order_Product_ID, Total_Charges, Ordered_date) values (87, 58, '$92.74', '2022-12-28');
insert into Final_order (Order_ID, Order_Product_ID, Total_Charges, Ordered_date) values (88, 100, '$82.18', '2022-04-21');
insert into Final_order (Order_ID, Order_Product_ID, Total_Charges, Ordered_date) values (89, 91, '$73.56', '2022-07-03');
insert into Final_order (Order_ID, Order_Product_ID, Total_Charges, Ordered_date) values (90, 1, '$10.61', '2022-04-16');
insert into Final_order (Order_ID, Order_Product_ID, Total_Charges, Ordered_date) values (91, 47, '$44.13', '2022-12-03');
insert into Final_order (Order_ID, Order_Product_ID, Total_Charges, Ordered_date) values (92, 6, '$34.86', '2022-03-26');
insert into Final_order (Order_ID, Order_Product_ID, Total_Charges, Ordered_date) values (93, 72, '$69.27', '2022-05-09');
insert into Final_order (Order_ID, Order_Product_ID, Total_Charges, Ordered_date) values (94, 11, '$7.39', '2022-09-20');
insert into Final_order (Order_ID, Order_Product_ID, Total_Charges, Ordered_date) values (95, 74, '$66.28', '2022-09-30');
insert into Final_order (Order_ID, Order_Product_ID, Total_Charges, Ordered_date) values (96, 74, '$26.76', '2022-08-12');
insert into Final_order (Order_ID, Order_Product_ID, Total_Charges, Ordered_date) values (97, 13, '$1.79', '2023-01-28');
insert into Final_order (Order_ID, Order_Product_ID, Total_Charges, Ordered_date) values (98, 41, '$69.28', '2022-03-24');
insert into Final_order (Order_ID, Order_Product_ID, Total_Charges, Ordered_date) values (99, 68, '$46.55', '2022-09-18');
insert into Final_order (Order_ID, Order_Product_ID, Total_Charges, Ordered_date) values (100, 76, '$9.10', '2022-07-08');




insert into Cart (Cart_Product_ID, Cart_Customer_ID) values (94, 75);
insert into Cart (Cart_Product_ID, Cart_Customer_ID) values (96, 38);
insert into Cart (Cart_Product_ID, Cart_Customer_ID) values (60, 21);
insert into Cart (Cart_Product_ID, Cart_Customer_ID) values (99, 51);
insert into Cart (Cart_Product_ID, Cart_Customer_ID) values (76, 31);
insert into Cart (Cart_Product_ID, Cart_Customer_ID) values (8, 13);
insert into Cart (Cart_Product_ID, Cart_Customer_ID) values (28, 16);
insert into Cart (Cart_Product_ID, Cart_Customer_ID) values (80, 35);
insert into Cart (Cart_Product_ID, Cart_Customer_ID) values (88, 41);
insert into Cart (Cart_Product_ID, Cart_Customer_ID) values (81, 12);
insert into Cart (Cart_Product_ID, Cart_Customer_ID) values (58, 95);
insert into Cart (Cart_Product_ID, Cart_Customer_ID) values (98, 17);
insert into Cart (Cart_Product_ID, Cart_Customer_ID) values (12, 36);
insert into Cart (Cart_Product_ID, Cart_Customer_ID) values (43, 44);
insert into Cart (Cart_Product_ID, Cart_Customer_ID) values (82, 56);
insert into Cart (Cart_Product_ID, Cart_Customer_ID) values (41, 95);
insert into Cart (Cart_Product_ID, Cart_Customer_ID) values (57, 84);
insert into Cart (Cart_Product_ID, Cart_Customer_ID) values (94, 99);
insert into Cart (Cart_Product_ID, Cart_Customer_ID) values (87, 18);
insert into Cart (Cart_Product_ID, Cart_Customer_ID) values (6, 19);
insert into Cart (Cart_Product_ID, Cart_Customer_ID) values (9, 33);
insert into Cart (Cart_Product_ID, Cart_Customer_ID) values (33, 77);
insert into Cart (Cart_Product_ID, Cart_Customer_ID) values (68, 15);
insert into Cart (Cart_Product_ID, Cart_Customer_ID) values (13, 86);
insert into Cart (Cart_Product_ID, Cart_Customer_ID) values (45, 100);
insert into Cart (Cart_Product_ID, Cart_Customer_ID) values (32, 84);
insert into Cart (Cart_Product_ID, Cart_Customer_ID) values (66, 34);
insert into Cart (Cart_Product_ID, Cart_Customer_ID) values (31, 26);
insert into Cart (Cart_Product_ID, Cart_Customer_ID) values (52, 94);
insert into Cart (Cart_Product_ID, Cart_Customer_ID) values (53, 84);
insert into Cart (Cart_Product_ID, Cart_Customer_ID) values (36, 97);
insert into Cart (Cart_Product_ID, Cart_Customer_ID) values (42, 26);
insert into Cart (Cart_Product_ID, Cart_Customer_ID) values (61, 73);
insert into Cart (Cart_Product_ID, Cart_Customer_ID) values (65, 7);
insert into Cart (Cart_Product_ID, Cart_Customer_ID) values (3, 32);
insert into Cart (Cart_Product_ID, Cart_Customer_ID) values (14, 94);
insert into Cart (Cart_Product_ID, Cart_Customer_ID) values (86, 7);
insert into Cart (Cart_Product_ID, Cart_Customer_ID) values (4, 73);
insert into Cart (Cart_Product_ID, Cart_Customer_ID) values (83, 57);
insert into Cart (Cart_Product_ID, Cart_Customer_ID) values (48, 18);
insert into Cart (Cart_Product_ID, Cart_Customer_ID) values (77, 9);
insert into Cart (Cart_Product_ID, Cart_Customer_ID) values (52, 94);
insert into Cart (Cart_Product_ID, Cart_Customer_ID) values (100, 91);
insert into Cart (Cart_Product_ID, Cart_Customer_ID) values (16, 54);
insert into Cart (Cart_Product_ID, Cart_Customer_ID) values (8, 58);
insert into Cart (Cart_Product_ID, Cart_Customer_ID) values (58, 32);
insert into Cart (Cart_Product_ID, Cart_Customer_ID) values (73, 50);
insert into Cart (Cart_Product_ID, Cart_Customer_ID) values (2, 43);
insert into Cart (Cart_Product_ID, Cart_Customer_ID) values (97, 63);
insert into Cart (Cart_Product_ID, Cart_Customer_ID) values (28, 52);
insert into Cart (Cart_Product_ID, Cart_Customer_ID) values (36, 37);
insert into Cart (Cart_Product_ID, Cart_Customer_ID) values (96, 67);
insert into Cart (Cart_Product_ID, Cart_Customer_ID) values (89, 25);
insert into Cart (Cart_Product_ID, Cart_Customer_ID) values (67, 45);
insert into Cart (Cart_Product_ID, Cart_Customer_ID) values (11, 76);
insert into Cart (Cart_Product_ID, Cart_Customer_ID) values (35, 31);
insert into Cart (Cart_Product_ID, Cart_Customer_ID) values (41, 80);
insert into Cart (Cart_Product_ID, Cart_Customer_ID) values (73, 42);
insert into Cart (Cart_Product_ID, Cart_Customer_ID) values (93, 12);
insert into Cart (Cart_Product_ID, Cart_Customer_ID) values (50, 92);
insert into Cart (Cart_Product_ID, Cart_Customer_ID) values (36, 62);
insert into Cart (Cart_Product_ID, Cart_Customer_ID) values (25, 25);
insert into Cart (Cart_Product_ID, Cart_Customer_ID) values (94, 74);
insert into Cart (Cart_Product_ID, Cart_Customer_ID) values (66, 78);
insert into Cart (Cart_Product_ID, Cart_Customer_ID) values (70, 55);
insert into Cart (Cart_Product_ID, Cart_Customer_ID) values (44, 81);
insert into Cart (Cart_Product_ID, Cart_Customer_ID) values (25, 61);
insert into Cart (Cart_Product_ID, Cart_Customer_ID) values (47, 49);
insert into Cart (Cart_Product_ID, Cart_Customer_ID) values (10, 35);
insert into Cart (Cart_Product_ID, Cart_Customer_ID) values (24, 15);
insert into Cart (Cart_Product_ID, Cart_Customer_ID) values (99, 19);
insert into Cart (Cart_Product_ID, Cart_Customer_ID) values (95, 19);
insert into Cart (Cart_Product_ID, Cart_Customer_ID) values (14, 15);
insert into Cart (Cart_Product_ID, Cart_Customer_ID) values (41, 26);
insert into Cart (Cart_Product_ID, Cart_Customer_ID) values (80, 45);
insert into Cart (Cart_Product_ID, Cart_Customer_ID) values (52, 99);
insert into Cart (Cart_Product_ID, Cart_Customer_ID) values (30, 45);
insert into Cart (Cart_Product_ID, Cart_Customer_ID) values (99, 27);
insert into Cart (Cart_Product_ID, Cart_Customer_ID) values (81, 19);
insert into Cart (Cart_Product_ID, Cart_Customer_ID) values (43, 2);
insert into Cart (Cart_Product_ID, Cart_Customer_ID) values (45, 100);
insert into Cart (Cart_Product_ID, Cart_Customer_ID) values (18, 41);
insert into Cart (Cart_Product_ID, Cart_Customer_ID) values (82, 21);
insert into Cart (Cart_Product_ID, Cart_Customer_ID) values (51, 45);
insert into Cart (Cart_Product_ID, Cart_Customer_ID) values (66, 43);
insert into Cart (Cart_Product_ID, Cart_Customer_ID) values (2, 28);
insert into Cart (Cart_Product_ID, Cart_Customer_ID) values (77, 53);
insert into Cart (Cart_Product_ID, Cart_Customer_ID) values (94, 38);
insert into Cart (Cart_Product_ID, Cart_Customer_ID) values (17, 42);
insert into Cart (Cart_Product_ID, Cart_Customer_ID) values (7, 16);
insert into Cart (Cart_Product_ID, Cart_Customer_ID) values (21, 19);
insert into Cart (Cart_Product_ID, Cart_Customer_ID) values (89, 9);
insert into Cart (Cart_Product_ID, Cart_Customer_ID) values (61, 26);
insert into Cart (Cart_Product_ID, Cart_Customer_ID) values (51, 97);
insert into Cart (Cart_Product_ID, Cart_Customer_ID) values (78, 15);
insert into Cart (Cart_Product_ID, Cart_Customer_ID) values (62, 64);
insert into Cart (Cart_Product_ID, Cart_Customer_ID) values (93, 81);
insert into Cart (Cart_Product_ID, Cart_Customer_ID) values (30, 25);
insert into Cart (Cart_Product_ID, Cart_Customer_ID) values (77, 92);
insert into Cart (Cart_Product_ID, Cart_Customer_ID) values (62, 87);


insert into Delivery (Delivery_person_ID, Delivery_Customer_ID, Delivery_Order_ID, Date) values (32, 27, 3, '2022-03-22');
insert into Delivery (Delivery_person_ID, Delivery_Customer_ID, Delivery_Order_ID, Date) values (45, 84, 2, '2022-09-03');
insert into Delivery (Delivery_person_ID, Delivery_Customer_ID, Delivery_Order_ID, Date) values (45, 26, 47, '2023-01-09');
insert into Delivery (Delivery_person_ID, Delivery_Customer_ID, Delivery_Order_ID, Date) values (80, 98, 90, '2022-11-06');
insert into Delivery (Delivery_person_ID, Delivery_Customer_ID, Delivery_Order_ID, Date) values (1, 98, 99, '2022-09-26');
insert into Delivery (Delivery_person_ID, Delivery_Customer_ID, Delivery_Order_ID, Date) values (79, 77, 19, '2022-10-06');
insert into Delivery (Delivery_person_ID, Delivery_Customer_ID, Delivery_Order_ID, Date) values (58, 4, 36, '2022-06-28');
insert into Delivery (Delivery_person_ID, Delivery_Customer_ID, Delivery_Order_ID, Date) values (16, 59, 15, '2022-11-05');
insert into Delivery (Delivery_person_ID, Delivery_Customer_ID, Delivery_Order_ID, Date) values (16, 100, 80, '2022-08-13');
insert into Delivery (Delivery_person_ID, Delivery_Customer_ID, Delivery_Order_ID, Date) values (23, 71, 38, '2022-05-19');
insert into Delivery (Delivery_person_ID, Delivery_Customer_ID, Delivery_Order_ID, Date) values (29, 63, 76, '2022-08-16');
insert into Delivery (Delivery_person_ID, Delivery_Customer_ID, Delivery_Order_ID, Date) values (61, 82, 3, '2022-07-04');
insert into Delivery (Delivery_person_ID, Delivery_Customer_ID, Delivery_Order_ID, Date) values (83, 89, 4, '2022-08-23');
insert into Delivery (Delivery_person_ID, Delivery_Customer_ID, Delivery_Order_ID, Date) values (52, 56, 63, '2022-04-12');
insert into Delivery (Delivery_person_ID, Delivery_Customer_ID, Delivery_Order_ID, Date) values (55, 94, 3, '2023-01-28');
insert into Delivery (Delivery_person_ID, Delivery_Customer_ID, Delivery_Order_ID, Date) values (85, 65, 52, '2022-07-31');
insert into Delivery (Delivery_person_ID, Delivery_Customer_ID, Delivery_Order_ID, Date) values (52, 63, 59, '2022-09-10');
insert into Delivery (Delivery_person_ID, Delivery_Customer_ID, Delivery_Order_ID, Date) values (47, 34, 4, '2022-10-14');
insert into Delivery (Delivery_person_ID, Delivery_Customer_ID, Delivery_Order_ID, Date) values (87, 62, 26, '2022-09-05');
insert into Delivery (Delivery_person_ID, Delivery_Customer_ID, Delivery_Order_ID, Date) values (37, 98, 4, '2022-10-17');
insert into Delivery (Delivery_person_ID, Delivery_Customer_ID, Delivery_Order_ID, Date) values (60, 23, 27, '2022-12-29');
insert into Delivery (Delivery_person_ID, Delivery_Customer_ID, Delivery_Order_ID, Date) values (64, 72, 34, '2022-11-17');
insert into Delivery (Delivery_person_ID, Delivery_Customer_ID, Delivery_Order_ID, Date) values (97, 22, 13, '2022-08-24');
insert into Delivery (Delivery_person_ID, Delivery_Customer_ID, Delivery_Order_ID, Date) values (67, 2, 81, '2022-12-02');
insert into Delivery (Delivery_person_ID, Delivery_Customer_ID, Delivery_Order_ID, Date) values (37, 26, 71, '2022-06-16');
insert into Delivery (Delivery_person_ID, Delivery_Customer_ID, Delivery_Order_ID, Date) values (36, 19, 64, '2022-08-26');
insert into Delivery (Delivery_person_ID, Delivery_Customer_ID, Delivery_Order_ID, Date) values (77, 34, 10, '2022-10-18');
insert into Delivery (Delivery_person_ID, Delivery_Customer_ID, Delivery_Order_ID, Date) values (75, 100, 37, '2022-12-12');
insert into Delivery (Delivery_person_ID, Delivery_Customer_ID, Delivery_Order_ID, Date) values (62, 12, 69, '2022-07-16');
insert into Delivery (Delivery_person_ID, Delivery_Customer_ID, Delivery_Order_ID, Date) values (56, 74, 54, '2022-05-01');
insert into Delivery (Delivery_person_ID, Delivery_Customer_ID, Delivery_Order_ID, Date) values (90, 31, 36, '2022-07-29');
insert into Delivery (Delivery_person_ID, Delivery_Customer_ID, Delivery_Order_ID, Date) values (53, 94, 87, '2022-05-07');
insert into Delivery (Delivery_person_ID, Delivery_Customer_ID, Delivery_Order_ID, Date) values (96, 70, 62, '2022-06-15');
insert into Delivery (Delivery_person_ID, Delivery_Customer_ID, Delivery_Order_ID, Date) values (62, 65, 46, '2022-11-16');
insert into Delivery (Delivery_person_ID, Delivery_Customer_ID, Delivery_Order_ID, Date) values (26, 4, 92, '2022-10-17');
insert into Delivery (Delivery_person_ID, Delivery_Customer_ID, Delivery_Order_ID, Date) values (46, 82, 27, '2022-03-06');
insert into Delivery (Delivery_person_ID, Delivery_Customer_ID, Delivery_Order_ID, Date) values (31, 69, 2, '2022-03-05');
insert into Delivery (Delivery_person_ID, Delivery_Customer_ID, Delivery_Order_ID, Date) values (19, 83, 66, '2022-12-20');
insert into Delivery (Delivery_person_ID, Delivery_Customer_ID, Delivery_Order_ID, Date) values (70, 11, 32, '2022-10-23');
insert into Delivery (Delivery_person_ID, Delivery_Customer_ID, Delivery_Order_ID, Date) values (6, 16, 56, '2022-07-28');
insert into Delivery (Delivery_person_ID, Delivery_Customer_ID, Delivery_Order_ID, Date) values (25, 82, 45, '2022-10-17');
insert into Delivery (Delivery_person_ID, Delivery_Customer_ID, Delivery_Order_ID, Date) values (83, 71, 67, '2022-04-16');
insert into Delivery (Delivery_person_ID, Delivery_Customer_ID, Delivery_Order_ID, Date) values (63, 69, 87, '2022-06-20');
insert into Delivery (Delivery_person_ID, Delivery_Customer_ID, Delivery_Order_ID, Date) values (70, 6, 84, '2022-04-18');
insert into Delivery (Delivery_person_ID, Delivery_Customer_ID, Delivery_Order_ID, Date) values (67, 10, 25, '2022-11-05');
insert into Delivery (Delivery_person_ID, Delivery_Customer_ID, Delivery_Order_ID, Date) values (55, 47, 76, '2022-09-20');
insert into Delivery (Delivery_person_ID, Delivery_Customer_ID, Delivery_Order_ID, Date) values (66, 13, 22, '2023-01-12');
insert into Delivery (Delivery_person_ID, Delivery_Customer_ID, Delivery_Order_ID, Date) values (47, 81, 65, '2022-09-24');
insert into Delivery (Delivery_person_ID, Delivery_Customer_ID, Delivery_Order_ID, Date) values (95, 97, 62, '2023-01-21');
insert into Delivery (Delivery_person_ID, Delivery_Customer_ID, Delivery_Order_ID, Date) values (42, 46, 36, '2022-10-14');
insert into Delivery (Delivery_person_ID, Delivery_Customer_ID, Delivery_Order_ID, Date) values (97, 32, 75, '2022-06-13');
insert into Delivery (Delivery_person_ID, Delivery_Customer_ID, Delivery_Order_ID, Date) values (22, 90, 53, '2022-05-02');
insert into Delivery (Delivery_person_ID, Delivery_Customer_ID, Delivery_Order_ID, Date) values (23, 76, 18, '2022-03-30');
insert into Delivery (Delivery_person_ID, Delivery_Customer_ID, Delivery_Order_ID, Date) values (65, 12, 73, '2022-03-04');
insert into Delivery (Delivery_person_ID, Delivery_Customer_ID, Delivery_Order_ID, Date) values (39, 40, 75, '2022-06-22');
insert into Delivery (Delivery_person_ID, Delivery_Customer_ID, Delivery_Order_ID, Date) values (38, 16, 59, '2022-12-24');
insert into Delivery (Delivery_person_ID, Delivery_Customer_ID, Delivery_Order_ID, Date) values (39, 70, 36, '2022-11-13');
insert into Delivery (Delivery_person_ID, Delivery_Customer_ID, Delivery_Order_ID, Date) values (15, 83, 2, '2022-09-21');
insert into Delivery (Delivery_person_ID, Delivery_Customer_ID, Delivery_Order_ID, Date) values (83, 22, 97, '2022-12-07');
insert into Delivery (Delivery_person_ID, Delivery_Customer_ID, Delivery_Order_ID, Date) values (21, 36, 44, '2022-06-28');
insert into Delivery (Delivery_person_ID, Delivery_Customer_ID, Delivery_Order_ID, Date) values (6, 30, 93, '2022-04-14');
insert into Delivery (Delivery_person_ID, Delivery_Customer_ID, Delivery_Order_ID, Date) values (85, 55, 48, '2022-09-27');
insert into Delivery (Delivery_person_ID, Delivery_Customer_ID, Delivery_Order_ID, Date) values (3, 40, 70, '2022-05-16');
insert into Delivery (Delivery_person_ID, Delivery_Customer_ID, Delivery_Order_ID, Date) values (96, 53, 9, '2022-07-11');
insert into Delivery (Delivery_person_ID, Delivery_Customer_ID, Delivery_Order_ID, Date) values (52, 59, 28, '2022-12-23');
insert into Delivery (Delivery_person_ID, Delivery_Customer_ID, Delivery_Order_ID, Date) values (48, 98, 78, '2022-04-12');
insert into Delivery (Delivery_person_ID, Delivery_Customer_ID, Delivery_Order_ID, Date) values (42, 3, 93, '2022-11-04');
insert into Delivery (Delivery_person_ID, Delivery_Customer_ID, Delivery_Order_ID, Date) values (59, 65, 30, '2022-11-30');
insert into Delivery (Delivery_person_ID, Delivery_Customer_ID, Delivery_Order_ID, Date) values (2, 38, 7, '2022-03-15');
insert into Delivery (Delivery_person_ID, Delivery_Customer_ID, Delivery_Order_ID, Date) values (95, 49, 72, '2022-08-22');
insert into Delivery (Delivery_person_ID, Delivery_Customer_ID, Delivery_Order_ID, Date) values (12, 86, 33, '2022-12-10');
insert into Delivery (Delivery_person_ID, Delivery_Customer_ID, Delivery_Order_ID, Date) values (79, 96, 63, '2022-08-02');
insert into Delivery (Delivery_person_ID, Delivery_Customer_ID, Delivery_Order_ID, Date) values (78, 95, 45, '2023-01-18');
insert into Delivery (Delivery_person_ID, Delivery_Customer_ID, Delivery_Order_ID, Date) values (75, 96, 37, '2022-06-07');
insert into Delivery (Delivery_person_ID, Delivery_Customer_ID, Delivery_Order_ID, Date) values (10, 68, 96, '2022-03-29');
insert into Delivery (Delivery_person_ID, Delivery_Customer_ID, Delivery_Order_ID, Date) values (86, 98, 74, '2022-04-26');
insert into Delivery (Delivery_person_ID, Delivery_Customer_ID, Delivery_Order_ID, Date) values (75, 88, 25, '2023-01-19');
insert into Delivery (Delivery_person_ID, Delivery_Customer_ID, Delivery_Order_ID, Date) values (95, 23, 73, '2022-06-20');
insert into Delivery (Delivery_person_ID, Delivery_Customer_ID, Delivery_Order_ID, Date) values (37, 45, 23, '2022-10-23');
insert into Delivery (Delivery_person_ID, Delivery_Customer_ID, Delivery_Order_ID, Date) values (6, 28, 51, '2022-04-03');
insert into Delivery (Delivery_person_ID, Delivery_Customer_ID, Delivery_Order_ID, Date) values (28, 54, 32, '2022-09-15');
insert into Delivery (Delivery_person_ID, Delivery_Customer_ID, Delivery_Order_ID, Date) values (4, 19, 47, '2022-02-13');
insert into Delivery (Delivery_person_ID, Delivery_Customer_ID, Delivery_Order_ID, Date) values (42, 80, 94, '2022-06-24');
insert into Delivery (Delivery_person_ID, Delivery_Customer_ID, Delivery_Order_ID, Date) values (20, 94, 50, '2022-11-29');
insert into Delivery (Delivery_person_ID, Delivery_Customer_ID, Delivery_Order_ID, Date) values (92, 62, 27, '2022-10-19');
insert into Delivery (Delivery_person_ID, Delivery_Customer_ID, Delivery_Order_ID, Date) values (8, 67, 9, '2022-02-26');
insert into Delivery (Delivery_person_ID, Delivery_Customer_ID, Delivery_Order_ID, Date) values (48, 77, 35, '2022-06-04');
insert into Delivery (Delivery_person_ID, Delivery_Customer_ID, Delivery_Order_ID, Date) values (77, 56, 94, '2022-05-07');
insert into Delivery (Delivery_person_ID, Delivery_Customer_ID, Delivery_Order_ID, Date) values (87, 56, 13, '2022-10-06');
insert into Delivery (Delivery_person_ID, Delivery_Customer_ID, Delivery_Order_ID, Date) values (62, 31, 48, '2022-11-12');
insert into Delivery (Delivery_person_ID, Delivery_Customer_ID, Delivery_Order_ID, Date) values (12, 14, 51, '2022-12-13');
insert into Delivery (Delivery_person_ID, Delivery_Customer_ID, Delivery_Order_ID, Date) values (70, 3, 41, '2022-04-07');
insert into Delivery (Delivery_person_ID, Delivery_Customer_ID, Delivery_Order_ID, Date) values (1, 99, 10, '2022-07-10');
insert into Delivery (Delivery_person_ID, Delivery_Customer_ID, Delivery_Order_ID, Date) values (67, 65, 86, '2022-06-27');
insert into Delivery (Delivery_person_ID, Delivery_Customer_ID, Delivery_Order_ID, Date) values (94, 66, 11, '2023-01-29');
insert into Delivery (Delivery_person_ID, Delivery_Customer_ID, Delivery_Order_ID, Date) values (48, 63, 34, '2022-08-03');
insert into Delivery (Delivery_person_ID, Delivery_Customer_ID, Delivery_Order_ID, Date) values (44, 84, 99, '2022-10-04');
insert into Delivery (Delivery_person_ID, Delivery_Customer_ID, Delivery_Order_ID, Date) values (96, 94, 18, '2022-03-01');
insert into Delivery (Delivery_person_ID, Delivery_Customer_ID, Delivery_Order_ID, Date) values (18, 1, 70, '2022-07-13');
insert into Delivery (Delivery_person_ID, Delivery_Customer_ID, Delivery_Order_ID, Date) values (61, 91, 1, '2022-08-12');


insert into Store (Store_Product_ID, Store_Retailer_ID) values (91, 21);
insert into Store (Store_Product_ID, Store_Retailer_ID) values (80, 23);
insert into Store (Store_Product_ID, Store_Retailer_ID) values (28, 33);
insert into Store (Store_Product_ID, Store_Retailer_ID) values (66, 88);
insert into Store (Store_Product_ID, Store_Retailer_ID) values (46, 50);
insert into Store (Store_Product_ID, Store_Retailer_ID) values (77, 67);
insert into Store (Store_Product_ID, Store_Retailer_ID) values (9, 77);
insert into Store (Store_Product_ID, Store_Retailer_ID) values (7, 60);
insert into Store (Store_Product_ID, Store_Retailer_ID) values (12, 50);
insert into Store (Store_Product_ID, Store_Retailer_ID) values (75, 56);
insert into Store (Store_Product_ID, Store_Retailer_ID) values (73, 83);
insert into Store (Store_Product_ID, Store_Retailer_ID) values (97, 85);
insert into Store (Store_Product_ID, Store_Retailer_ID) values (42, 33);
insert into Store (Store_Product_ID, Store_Retailer_ID) values (86, 22);
insert into Store (Store_Product_ID, Store_Retailer_ID) values (89, 1);
insert into Store (Store_Product_ID, Store_Retailer_ID) values (63, 53);
insert into Store (Store_Product_ID, Store_Retailer_ID) values (37, 94);
insert into Store (Store_Product_ID, Store_Retailer_ID) values (8, 38);
insert into Store (Store_Product_ID, Store_Retailer_ID) values (82, 12);
insert into Store (Store_Product_ID, Store_Retailer_ID) values (57, 6);
insert into Store (Store_Product_ID, Store_Retailer_ID) values (15, 25);
insert into Store (Store_Product_ID, Store_Retailer_ID) values (62, 74);
insert into Store (Store_Product_ID, Store_Retailer_ID) values (30, 2);
insert into Store (Store_Product_ID, Store_Retailer_ID) values (100, 59);
insert into Store (Store_Product_ID, Store_Retailer_ID) values (37, 13);
insert into Store (Store_Product_ID, Store_Retailer_ID) values (32, 59);
insert into Store (Store_Product_ID, Store_Retailer_ID) values (74, 59);
insert into Store (Store_Product_ID, Store_Retailer_ID) values (75, 94);
insert into Store (Store_Product_ID, Store_Retailer_ID) values (98, 30);
insert into Store (Store_Product_ID, Store_Retailer_ID) values (88, 27);
insert into Store (Store_Product_ID, Store_Retailer_ID) values (55, 73);
insert into Store (Store_Product_ID, Store_Retailer_ID) values (31, 39);
insert into Store (Store_Product_ID, Store_Retailer_ID) values (60, 61);
insert into Store (Store_Product_ID, Store_Retailer_ID) values (30, 17);
insert into Store (Store_Product_ID, Store_Retailer_ID) values (92, 98);
insert into Store (Store_Product_ID, Store_Retailer_ID) values (5, 92);
insert into Store (Store_Product_ID, Store_Retailer_ID) values (2, 29);
insert into Store (Store_Product_ID, Store_Retailer_ID) values (66, 21);
insert into Store (Store_Product_ID, Store_Retailer_ID) values (44, 29);
insert into Store (Store_Product_ID, Store_Retailer_ID) values (29, 68);
insert into Store (Store_Product_ID, Store_Retailer_ID) values (69, 38);
insert into Store (Store_Product_ID, Store_Retailer_ID) values (9, 75);
insert into Store (Store_Product_ID, Store_Retailer_ID) values (2, 99);
insert into Store (Store_Product_ID, Store_Retailer_ID) values (36, 46);
insert into Store (Store_Product_ID, Store_Retailer_ID) values (16, 84);
insert into Store (Store_Product_ID, Store_Retailer_ID) values (15, 45);
insert into Store (Store_Product_ID, Store_Retailer_ID) values (42, 5);
insert into Store (Store_Product_ID, Store_Retailer_ID) values (99, 37);
insert into Store (Store_Product_ID, Store_Retailer_ID) values (31, 79);
insert into Store (Store_Product_ID, Store_Retailer_ID) values (3, 3);
insert into Store (Store_Product_ID, Store_Retailer_ID) values (21, 53);
insert into Store (Store_Product_ID, Store_Retailer_ID) values (67, 46);
insert into Store (Store_Product_ID, Store_Retailer_ID) values (43, 80);
insert into Store (Store_Product_ID, Store_Retailer_ID) values (2, 77);
insert into Store (Store_Product_ID, Store_Retailer_ID) values (12, 47);
insert into Store (Store_Product_ID, Store_Retailer_ID) values (61, 17);
insert into Store (Store_Product_ID, Store_Retailer_ID) values (82, 42);
insert into Store (Store_Product_ID, Store_Retailer_ID) values (23, 34);
insert into Store (Store_Product_ID, Store_Retailer_ID) values (84, 85);
insert into Store (Store_Product_ID, Store_Retailer_ID) values (29, 54);
insert into Store (Store_Product_ID, Store_Retailer_ID) values (97, 3);
insert into Store (Store_Product_ID, Store_Retailer_ID) values (28, 63);
insert into Store (Store_Product_ID, Store_Retailer_ID) values (32, 31);
insert into Store (Store_Product_ID, Store_Retailer_ID) values (97, 83);
insert into Store (Store_Product_ID, Store_Retailer_ID) values (1, 27);
insert into Store (Store_Product_ID, Store_Retailer_ID) values (55, 50);
insert into Store (Store_Product_ID, Store_Retailer_ID) values (49, 83);
insert into Store (Store_Product_ID, Store_Retailer_ID) values (71, 3);
insert into Store (Store_Product_ID, Store_Retailer_ID) values (2, 72);
insert into Store (Store_Product_ID, Store_Retailer_ID) values (50, 6);
insert into Store (Store_Product_ID, Store_Retailer_ID) values (7, 95);
insert into Store (Store_Product_ID, Store_Retailer_ID) values (100, 97);
insert into Store (Store_Product_ID, Store_Retailer_ID) values (79, 5);
insert into Store (Store_Product_ID, Store_Retailer_ID) values (18, 20);
insert into Store (Store_Product_ID, Store_Retailer_ID) values (23, 48);
insert into Store (Store_Product_ID, Store_Retailer_ID) values (99, 42);
insert into Store (Store_Product_ID, Store_Retailer_ID) values (22, 92);
insert into Store (Store_Product_ID, Store_Retailer_ID) values (60, 11);
insert into Store (Store_Product_ID, Store_Retailer_ID) values (23, 15);
insert into Store (Store_Product_ID, Store_Retailer_ID) values (83, 17);
insert into Store (Store_Product_ID, Store_Retailer_ID) values (66, 23);
insert into Store (Store_Product_ID, Store_Retailer_ID) values (18, 81);
insert into Store (Store_Product_ID, Store_Retailer_ID) values (100, 42);
insert into Store (Store_Product_ID, Store_Retailer_ID) values (46, 82);
insert into Store (Store_Product_ID, Store_Retailer_ID) values (4, 24);
insert into Store (Store_Product_ID, Store_Retailer_ID) values (73, 84);
insert into Store (Store_Product_ID, Store_Retailer_ID) values (34, 44);
insert into Store (Store_Product_ID, Store_Retailer_ID) values (53, 65);
insert into Store (Store_Product_ID, Store_Retailer_ID) values (99, 90);
insert into Store (Store_Product_ID, Store_Retailer_ID) values (37, 18);
insert into Store (Store_Product_ID, Store_Retailer_ID) values (32, 33);
insert into Store (Store_Product_ID, Store_Retailer_ID) values (46, 31);
insert into Store (Store_Product_ID, Store_Retailer_ID) values (47, 67);
insert into Store (Store_Product_ID, Store_Retailer_ID) values (10, 57);
insert into Store (Store_Product_ID, Store_Retailer_ID) values (21, 61);
insert into Store (Store_Product_ID, Store_Retailer_ID) values (44, 99);
insert into Store (Store_Product_ID, Store_Retailer_ID) values (24, 2);
insert into Store (Store_Product_ID, Store_Retailer_ID) values (79, 64);
insert into Store (Store_Product_ID, Store_Retailer_ID) values (15, 23);
insert into Store (Store_Product_ID, Store_Retailer_ID) values (10, 14);
